Data,Otwarcie,Najwyzszy,Najnizszy,Zamkniecie,Wolumen
2019-03-21,69.6755,69.6755,68.6525,69.5377,739645.48401167
2019-03-22,69.4699,69.9159,68.6791,68.6791,884022.2435753
2019-03-25,68.3358,68.7825,67.3743,67.4437,729075.17875181
2019-03-26,67.7177,68.2406,67.3743,68.0755,602048.90658156
2019-03-27,68.5146,68.5146,66.6192,67.4574,783195.77227474
2019-03-28,67.4018,67.7177,67.2229,67.6218,810693.54252011
2019-03-29,67.9239,68.1988,67.031,67.0586,1102682.7889473
2019-04-01,67.9239,68.7825,67.0721,68.6379,700818.07014697
2019-04-02,68.8511,69.5377,67.9932,68.322,712808.52206181
2019-04-03,69.1265,71.4642,68.6106,71.1149,950912.33338532
2019-04-04,70.9436,71.2861,69.5726,69.5726,998766.41484143
2019-04-05,69.744,70.9086,67.4292,67.4292,878080.22385241
2019-04-08,67.7862,68.4734,67.3195,68.1576,959216.44717448
2019-04-09,68.1988,69.3664,67.8684,68.8168,1182233.3351069
2019-04-10,69.0566,70.1558,68.7483,70.0872,852710.70298821
2019-04-11,69.8467,70.0872,68.8854,69.0223,943028.61453564
2019-04-12,69.2629,69.9837,68.9546,69.8467,568440.95863749
2019-04-15,69.6069,69.6069,68.5565,69.0223,905931.38859379
2019-04-16,69.1944,69.7783,68.8168,69.7783,962424.58605648
2019-04-17,69.8125,71.0866,69.5726,70.671,882992.27597354
2019-04-18,70.2593,70.499,69.3321,69.4699,772328.56308885
2019-04-23,69.6411,70.397,69.5726,69.7783,537175.39874692
2019-04-24,69.7783,70.0187,69.2286,69.6069,1030800.5092308
2019-04-25,69.2286,69.5035,67.5122,69.2286,1178038.5818513
2019-04-26,69.0223,69.0923,67.7177,68.144,841318.00012796
2019-04-29,68.542,68.8168,67.5122,68.2953,633591.66438536
2019-04-30,68.322,68.4324,67.2229,67.2511,1190197.191742
2019-05-02,67.5806,67.9932,66.9206,67.1962,596799.22477464
2019-05-06,66.6192,66.9488,65.8504,66.4959,1059357.14923
2019-05-07,66.8796,66.8796,64.105,64.105,915800.15979838
2019-05-08,64.0373,64.2832,62.155,62.7181,1369863.4790076
2019-05-09,62.4982,62.7181,59.9711,60.2176,1474348.7000159
2019-05-10,60.781,61.2757,59.7929,60.2877,955624.69791019
2019-05-13,60.3417,61.1387,59.174,60.0532,858971.96011828
2019-05-14,60.7125,61.7705,59.5867,59.9155,1235423.8048262
2019-05-15,60.4102,60.4102,59.0644,60.0258,1015624.2519151
2019-05-16,60.3007,63.0614,59.5867,62.1411,1484557.7283747
2019-05-17,62.0309,64.2702,61.8526,63.79,1219447.4833913
2019-05-20,64.2155,64.4209,62.8415,63.3637,1207037.9502712
2019-05-21,63.213,63.9406,63.0752,63.624,1514103.6102159
2019-05-22,63.5289,64.1888,62.9929,62.9929,1271673.6722182
2019-05-23,62.7875,62.7875,61.0009,61.0694,1095621.467698
2019-05-24,61.1934,62.2235,60.5892,61.9083,1007864.0240789
2019-05-27,62.3475,62.9785,61.839,62.4845,365800.08792857
2019-05-28,62.8415,66.1109,62.6763,64.3114,3462083.7001403
2019-05-29,63.6651,65.1212,63.3217,65.0398,2322280.0380358
2019-05-30,64.9569,65.9182,64.8336,65.2179,1014445.8323503
2019-05-31,64.5587,66.5507,63.8721,66.4679,1469024.1353604
2019-06-03,66.6192,66.8248,65.616,66.3445,651715.94121424
2019-06-04,66.6192,66.6604,65.1768,65.4516,1032309.9898104
2019-06-05,65.7949,66.4404,64.545,64.9021,1202474.0377093
2019-06-06,64.545,65.1083,63.6651,63.7077,1168888.4232464
2019-06-07,63.4733,64.1461,61.3305,61.9357,1479338.262454
2019-06-10,62.4297,63.0485,61.9623,62.7319,1326481.3487203
2019-06-11,62.8415,63.5699,62.4982,63.5007,1070318.9472773
2019-06-12,63.0752,63.3918,62.196,62.9785,1223062.879871
2019-06-13,63.1436,63.1436,61.2757,61.8938,1364039.6953614
2019-06-14,61.8793,61.8938,59.751,61.2901,1588514.8282403
2019-06-17,61.5923,61.6601,61.125,61.5505,874950.90902156
2019-06-18,61.5368,62.6086,60.6577,62.3192,1796453.988921
2019-06-19,62.4982,62.5674,61.4683,61.5223,738147.82703973
2019-06-21,61.5368,62.2645,60.6577,60.8221,2979981.3522011
2019-06-24,61.4813,62.4571,61.125,62.1411,1443177.7289867
2019-06-25,62.0582,62.3741,61.2901,61.7286,862285.19773516
2019-06-26,61.8116,62.0727,61.125,61.5368,959309.72230168
2019-06-27,61.399,62.4022,61.399,61.8938,1083114.7182481
2019-06-28,62.155,62.2096,61.262,61.7979,484883.52321078
2019-07-01,62.3192,63.1711,61.9905,62.1411,643092.59001789
2019-07-02,62.4845,62.6359,60.8631,62.1815,1402378.400109
2019-07-03,62.2096,66.1109,61.8793,65.9045,2776863.5959826
2019-07-04,65.9318,67.2229,65.6442,66.139,1786964.8868961
2019-07-05,66.0149,66.3307,65.3282,65.7257,559156.79914564
2019-07-08,64.9705,66.1656,64.7779,65.5894,1114720.5352928
2019-07-09,65.135,65.5894,63.8029,64.0776,1318700.1011372
2019-07-10,64.2976,65.5894,63.9954,64.462,1422829.3001811
2019-07-11,64.9021,66.3445,64.9021,65.4516,1679768.1185281
2019-07-12,65.9318,66.9907,65.1083,66.853,1170107.5685709
2019-07-15,66.6192,67.9377,65.6023,66.1656,1242960.6978508
2019-07-16,66.3994,67.4155,65.7257,66.3445,743714.11878545
2019-07-17,66.056,66.2752,65.6297,65.9318,1476237.8497753
2019-07-18,65.7401,66.6741,65.7401,66.2615,1355622.6004323
2019-07-19,69.1981,72.1547,69.1265,70.4381,3416202.8474314
2019-07-22,70.6946,70.8659,69.7965,70.4092,738920.30274105
2019-07-23,70.7655,71.0935,69.9244,70.6802,1595865.1710105
2019-07-24,70.8804,71.443,70.4945,71.443,1192427.9123896
2019-07-25,71.4787,72.013,70.5804,70.6946,857471.67567797
2019-07-26,70.6946,71.0935,70.0538,70.4092,592997.27804061
2019-07-29,70.2814,70.7374,68.8845,68.8845,498646.20254242
2019-07-30,68.8274,69.7257,68.5854,68.5854,577397.99831706
2019-07-31,68.5854,71.0509,68.5854,69.3832,1091671.0690009
2019-08-01,69.1411,71.586,68.899,69.8392,1072020.233048
2019-08-02,69.2127,70.5234,68.8709,69.0414,695904.70429165
2019-08-05,68.7705,69.3116,67.8158,68.4568,1250115.2942273
2019-08-06,69.1265,69.1411,66.4617,66.9748,1341230.6424256
2019-08-07,67.3309,67.6872,65.4349,66.2044,891175.5262176
2019-08-08,66.9891,67.6583,66.2189,67.4452,1022305.9039846
2019-08-09,67.3591,67.3591,64.8502,65.1502,1159296.8499551
2019-08-12,65.1502,65.364,63.4397,63.6248,925483.69448276
2019-08-13,63.7823,67.2313,63.4543,66.604,1290915.9368393
2019-08-14,65.7348,66.4754,63.9954,64.1948,1406782.0371002
2019-08-16,65.2073,66.1762,62.7417,63.0836,1168703.1867262
2019-08-19,64.1948,65.1646,63.2122,64.2237,559366.99661538
2019-08-20,64.0388,64.2093,62.9267,63.6537,1069495.2359427
2019-08-21,63.4253,65.1791,63.4253,64.0243,660504.822918
2019-08-22,64.1386,64.6516,63.4969,63.7823,577708.03958493
2019-08-23,64.0959,64.9225,62.9412,64.0243,886396.16124924
2019-08-26,63.4253,64.4658,62.3566,64.0388,787537.66375918
2019-08-27,64.0814,64.3098,61.2163,63.1543,3061519.578184
2019-08-28,63.8531,64.1096,62.0285,64.1096,1139332.0315317
2019-08-29,63.8249,65.4501,63.2549,63.4253,846583.44674511
2019-08-30,63.6537,65.1935,63.3682,64.5946,1117767.0848699
2019-09-02,65.0079,65.7203,64.5084,65.2073,495745.47745992
2019-09-03,64.8502,64.8502,62.7844,63.2266,733674.56213669
2019-09-04,63.3971,64.1386,62.0004,62.2425,1033110.0539296
2019-09-05,62.7128,63.34,61.9714,62.285,637284.57118197
2019-09-06,62.371,62.77,61.9578,62.6847,836387.55572823
2019-09-09,63.0691,65.1935,62.7128,64.9934,1919644.1572684
2019-09-10,65.065,67.5167,64.6371,67.3447,1687754.3086442
2019-09-11,67.0319,67.5304,66.5043,67.2884,837399.13105138
2019-09-12,67.3447,67.602,65.2073,66.1481,1218826.0871214
2019-09-13,66.7038,67.1308,66.2044,66.732,498847.20387286
2019-09-16,66.276,67.1026,65.82,66.9891,2084105.2850663
2019-09-17,66.9891,67.8441,64.4948,65.3496,1934063.703693
2019-09-18,65.7348,66.8035,65.7203,66.6893,1188230.5316656
2019-09-19,66.005,67.573,66.005,67.4162,932245.48433766
2019-09-20,67.0173,68.9842,66.9748,68.9842,2738201.7126254
2019-09-23,68.5275,69.326,68.0578,68.9842,850159.43119917
2019-09-24,69.3405,71.1932,68.6989,70.3529,890136.36247654
2019-09-25,69.9822,69.9966,68.7705,69.7538,1250517.2968882
2019-09-26,69.8681,70.808,69.2689,70.1101,876307.99643561
2019-09-27,70.1953,70.6665,69.4113,69.7402,427645.43846467
2019-09-30,70.2243,70.6802,69.4836,70.3385,780284.53731875
2019-10-01,70.6376,71.1507,69.4974,70.238,561916.95467024
2019-10-02,69.5688,70.0963,68.8411,69.6822,987924.16660508
2019-10-03,69.0124,71.4787,69.0124,70.9793,1270099.8186635
2019-10-04,71.1225,73.1906,71.1225,72.6182,1375885.6365158
2019-10-07,72.6905,72.6905,71.3714,71.8349,525858.89246945
2019-10-08,71.7634,73.0817,71.5138,73.0817,855522.09414607
2019-10-09,73.2629,73.7266,72.3358,73.4007,705660.49435625
2019-10-10,73.2629,73.2987,71.6569,72.654,554225.04101171
2019-10-11,72.4439,73.0452,71.7276,72.4439,475490.32378149
2019-10-14,72.654,72.654,71.7991,72.0489,1196454.5076695
2019-10-15,72.5817,72.6182,71.6211,72.2628,663408.17546888
2019-10-16,71.978,73.5089,71.8707,72.727,696208.1768886
2019-10-17,73.2629,73.3284,72.013,73.0817,463815.16807127
2019-10-18,72.8352,74.7191,72.5093,74.4725,890442.46254186
2019-10-21,74.3278,76.3929,73.9,75.7916,1524349.4231318
2019-10-22,75.8297,76.8953,75.2192,76.8572,1147662.4200046
2019-10-23,76.2559,77.3216,76.0732,76.9638,1243630.7022856
2019-10-24,75.8982,76.4996,73.0817,74.0812,1425715.5741876
2019-10-25,73.8277,74.4002,73.1906,73.2987,689156.05177861
2019-10-28,73.6542,75.6097,73.6542,75.255,639976.41252891
2019-10-29,75.255,75.9667,74.6824,75.8982,1076967.7559922
2019-10-30,75.6097,75.8982,74.6178,75.6827,631589.53348603
2019-10-31,76.1113,76.1113,73.473,74.4002,1141410.3590138
2019-11-04,75.255,77.215,74.5813,77.215,1017254.5960398
2019-11-05,76.9257,77.7098,76.431,77.7098,787268.34825107
2019-11-06,76.8953,77.6794,76.2559,76.606,626642.01054187
2019-11-07,77.1845,77.4282,75.0449,75.4361,889576.71171334
2019-11-08,75.0738,75.7916,74.7548,75.1827,1008162.2417391
2019-11-12,75.3995,75.4727,71.8707,72.727,1573790.4954845
2019-11-13,72.9729,73.2263,71.8349,73.0095,873503.17394868
2019-11-14,72.9006,73.4007,72.013,72.727,755251.33240615
2019-11-15,72.6182,74.0089,72.2992,72.9006,948929.90849877
2019-11-18,72.8717,73.4007,71.6926,72.3716,719584.76299276
2019-11-19,71.9414,72.2992,69.1411,69.2978,1552628.8652178
2019-11-20,69.1265,69.2553,66.3338,68.9842,2192368.8055933
2019-11-21,68.4141,68.4141,66.846,67.0881,1065556.6608533
2019-11-22,67.0173,68.0578,66.846,67.1308,926279.81739942
2019-11-25,67.0744,68.2284,66.9039,67.1308,1306994.7295407
2019-11-26,67.2739,67.3736,66.4046,66.5903,2401093.5793172
2019-11-27,66.7182,67.0173,65.7492,66.276,930058.11691811
2019-11-28,66.276,66.4472,65.5917,65.82,489846.81096516
2019-11-29,65.82,66.2044,65.6914,66.2044,717848.00639898
2019-12-02,66.7182,66.7182,64.2802,65.1935,1292206.0238098
2019-12-03,64.8647,65.1212,63.5684,63.611,911774.87825274
2019-12-04,64.0814,64.8076,62.5986,63.0691,857557.06840005
2019-12-05,63.0836,63.7244,62.1145,62.4563,1073383.889133
2019-12-06,56.9408,59.592,55.3018,58.5225,4902289.7623985
2019-12-09,58.6512,58.8643,57.3678,58.2805,1292663.2033065
2019-12-10,58.352,58.3664,56.6561,57.7103,1726392.5447862
2019-12-11,57.9805,58.8643,57.5254,58.138,991489.64118565
2019-12-12,58.4372,59.8622,58.052,59.834,1702611.3285528
2019-12-13,60.3037,61.2734,59.9048,61.0451,1606022.963736
2019-12-16,61.1447,61.1447,59.592,59.6201,1082360.6348254
2019-12-17,59.6483,60.5176,59.3347,60.2475,1373637.8373237
2019-12-18,60.5038,60.6325,59.592,60.076,978230.12204722
2019-12-19,60.1477,60.8601,60.0327,60.8175,1155509.3542971
2019-12-20,60.9027,61.2026,59.7914,59.9337,2511162.1706156
2019-12-23,60.0624,61.0314,60.048,60.6751,703829.14890109
2019-12-27,60.9172,61.644,60.9172,61.2452,503055.09447035
2019-12-30,61.2734,61.5725,60.7459,61.1592,608148.57440676
2020-01-02,61.644,62.1998,61.074,61.9714,904643.9290916
2020-01-03,61.644,61.7431,60.4323,61.0877,1023234.7140541
2020-01-07,61.2026,61.2734,58.5507,58.6512,2185809.330803
2020-01-08,58.4518,58.8932,57.9379,58.1091,1109716.5217786
2020-01-09,58.9366,60.3615,58.6512,60.3326,1714759.4285699
2020-01-10,60.5747,60.9598,60.2329,60.8882,901010.14033336
2020-01-13,61.2734,61.6015,60.8882,61.5162,1961845.2405225
2020-01-14,61.3016,61.6015,60.2475,60.8457,3326586.4699392
2020-01-15,60.5892,61.0451,60.3326,60.6325,3159630.5609223
2020-01-16,60.8738,61.288,60.4469,60.9887,1478489.5901699
2020-01-17,60.5747,61.715,60.5747,61.4584,990118.10269556
2020-01-20,61.1167,61.4584,61.0877,61.1022,669557.76519314
2020-01-21,61.0314,61.4302,60.4749,60.532,1149371.5881805
2020-01-22,61.0877,61.288,60.5747,60.5747,909792.45336619
2020-01-23,60.5038,61.8435,60.5038,60.9172,2054726.2474667
2020-01-24,61.1881,61.644,60.9462,60.9462,826597.60857479
2020-01-27,60.4323,60.9027,58.8498,58.8498,1359463.9591919
2020-01-28,59.1497,59.3066,57.8526,58.1662,2111199.7389166
2020-01-29,58.3664,58.5507,56.0996,56.4985,2196606.912077
2020-01-30,54.1617,55.5722,53.3061,54.1617,2722473.6869516
2020-01-31,54.1617,54.2468,53.1067,53.9188,2341799.5005701
2020-02-03,53.7902,53.8762,51.1823,52.0228,2806137.5348474
2020-02-04,52.4223,53.4484,52.2374,53.0495,1497735.7959936
2020-02-05,53.0922,54.76,52.6644,54.6031,1767321.9333483
2020-02-06,54.7881,55.3583,52.6073,52.6644,1348503.4748788
2020-02-07,52.6644,53.2779,51.8811,53.2779,1114585.2206716
2020-02-10,52.8356,52.921,51.3392,51.7099,2286533.3308371
2020-02-11,51.6672,52.7359,50.5832,52.65,3353311.7644833
2020-02-12,52.7359,53.2779,52.2511,53.0495,1582788.2609239
2020-02-13,53.0214,53.1492,51.8095,53.1492,869068.00733703
2020-02-14,53.4484,54.6313,53.4484,54.1617,1952211.6277372
2020-02-17,54.7173,54.9457,53.8191,54.0185,517169.85456381
2020-02-18,53.4484,54.4889,53.3061,53.8054,1718747.9255583
2020-02-19,53.8054,54.0041,52.2084,52.3363,2267330.4782416
2020-02-20,52.3797,52.5365,51.6672,51.9374,1826664.6202603
2020-02-21,51.6954,52.5365,51.6246,52.2374,1201995.8384657
2020-02-24,51.3817,51.5394,49.443,49.7429,1440502.9661842
2020-02-25,49.7429,50.0848,48.6735,48.6879,1998977.9372874
2020-02-26,48.659,48.9156,46.963,47.4624,2130389.4541702
2020-02-27,47.1488,47.4761,42.5451,43.4,1938346.4771391
2020-02-28,42.402,42.5877,39.2241,41.7892,4265663.3720436
2020-03-02,43.8276,44.3264,42.4454,43.1579,2859296.4749462
2020-03-03,44.0416,44.7549,43.2005,44.369,2531539.5015734
2020-03-04,44.1847,44.1847,42.0747,42.0747,2380507.3646239
2020-03-05,43.0445,43.186,40.3072,40.521,2445296.7934706
2020-03-06,40.0933,40.2647,38.1408,38.7247,2505418.5247548
2020-03-09,35.6328,39.9937,35.1198,38.654,4388095.5157657
2020-03-10,39.8087,40.1078,36.3879,36.6443,3091426.7369264
2020-03-11,36.8583,37.4003,32.8529,33.1163,2973494.132791
2020-03-12,31.6845,32.7387,29.9307,30.9575,3328582.0321676
2020-03-13,31.6411,36.6155,30.9431,32.5538,3869061.4723921
2020-03-16,32.5607,35.1334,30.4088,34.2071,4117430.8026444
2020-03-17,35.3762,36.7015,33.8508,35.2476,4044372.7308315
2020-03-18,35.6328,36.6299,33.4946,34.115,2946366.8355861
2020-03-19,34.5633,36.1313,34.0076,35.989,2607452.3177722
2020-03-20,37.5563,38.2552,36.8301,37.471,4950333.0215774
2020-03-23,37.0577,38.0412,34.998,35.4325,1936052.6972504
2020-03-24,37.414,37.4854,35.39,35.7035,2168931.7877166
2020-03-25,37.3576,37.3858,35.4044,36.4876,1883852.7831073
2020-03-26,36.1313,37.6994,35.7035,37.6994,2131536.3441145
2020-03-27,37.6994,37.9985,36.6443,37.0143,2381609.5876059
2020-03-30,37.3142,38.013,36.1451,37.4003,2054982.4256329
2020-03-31,37.7702,39.6945,37.3142,39.6945,3950047.930017
2020-04-01,38.4834,39.865,37.7702,39.6093,2739106.8754795
2020-04-02,41.3904,44.6544,40.9055,42.9014,5838764.1570806
2020-04-03,43.4716,45.4955,42.4599,43.3717,10535355.989319
2020-04-06,45.0678,45.6097,43.8415,45.4667,3345801.1461424
2020-04-07,46.1799,48.4025,46.1799,46.2506,3754397.4389113
2020-04-08,46.4645,47.3346,45.0396,46.1799,3043361.1442663
2020-04-09,46.963,47.448,45.0396,46.2225,2821119.3595035
2020-04-14,47.0346,47.0917,45.6379,46.3648,3517334.1050631
2020-04-15,46.75,46.75,44.1269,44.1847,2564942.5069844
2020-04-16,43.0011,43.7136,42.1889,42.7589,4546219.1898508
2020-04-17,43.8276,44.0271,42.8733,43.6428,3071375.2120468
2020-04-20,44.1847,44.4839,42.9295,44.1124,2413993.1352887
2020-04-21,43.6147,43.6147,41.4756,42.0458,1754618.1237705
2020-04-22,42.0458,43.6853,40.9908,43.3717,2203895.5093405
2020-04-23,43.8276,44.0416,43.1008,43.7988,2061011.1518121
2020-04-24,43.5422,43.8276,43.301,43.3573,1272662.9140602
2020-04-27,43.8133,43.8133,41.6902,42.3595,1555662.2774531
2020-04-28,42.488,43.6853,41.5046,43.1298,1596447.1552548
2020-04-29,43.4859,44.1703,42.6305,43.7707,2382753.8500818
2020-04-30,44.1703,45.1819,43.9701,44.4413,3495778.3545406
2020-05-04,43.5712,43.671,42.3595,42.4165,1896861.3790162
2020-05-05,42.6159,43.5857,42.6159,43.1153,1865245.052098
2020-05-06,42.7589,42.7589,40.9908,41.7184,4871975.3460585
2020-05-07,41.8464,43.6428,41.191,43.3717,2057933.0726145
2020-05-08,43.7425,45.0396,43.5141,44.7686,1862029.0308109
2020-05-11,44.7686,45.4103,44.2555,44.8401,1262034.8044961
2020-05-12,44.8964,46.3222,44.697,45.994,1983418.0695894
2020-05-13,45.7521,45.8518,44.3264,44.7115,1597810.8113398
2020-05-14,44.4976,44.7115,42.673,43.7425,2028444.9950774
2020-05-15,44.4261,44.8256,43.03,43.2287,1351217.6497069
2020-05-18,43.8992,46.0367,43.8276,45.9377,1995772.4258737
2020-05-19,46.5072,46.75,45.2961,45.4667,1907258.2713636
2020-05-20,45.1819,46.2506,44.9254,46.0085,1928773.2961263
2020-05-21,45.7802,45.9377,45.0967,45.3813,1147018.6902535
2020-05-22,45.1819,45.2816,44.5403,44.5403,865706.16155528
2020-05-25,45.0967,45.4529,44.8112,44.9391,279217.12267169
2020-05-26,45.7521,47.3771,45.5382,46.9348,1764707.6023184
2020-05-27,47.2486,49.5283,47.0346,47.4198,2573466.0143826
2020-05-28,47.4198,48.9445,46.8208,48.0752,1742770.868882
2020-05-29,47.7471,47.8757,46.5072,47.5765,3393261.1073428
2020-06-01,48.3173,48.4603,47.3909,48.2463,856569.14029224
2020-06-02,48.2746,48.4603,47.2486,48.3173,2276529.2450113
2020-06-03,48.4603,49.558,48.3317,49.0015,2161605.0921617
2020-06-04,49.0015,49.2436,48.3453,49.0586,1678463.5804815
2020-06-05,49.1302,52.3082,49.0876,51.7951,3448252.7066309
2020-06-08,52.0228,52.3797,50.6548,51.0256,2287844.4375546
2020-06-09,50.9541,51.1535,49.2291,49.5435,2079688.5107332
2020-06-10,49.6714,50.2414,49.2291,49.7992,2152323.5601382
2020-06-12,47.7471,48.3598,45.9659,47.2919,2627146.5069533
2020-06-15,46.6358,46.6358,44.6825,44.7115,2303774.778293
2020-06-16,45.6949,47.9328,45.6949,47.3909,2100578.1980234
2020-06-17,47.7471,47.8903,46.3359,47.1062,2267854.6581817
2020-06-18,47.1062,47.6475,46.1799,46.963,2228478.1034273
2020-06-19,47.3627,47.6763,46.6494,47.2058,8655842.4702283
2020-06-22,47.2486,47.2486,46.3222,46.4074,1104532.526681
2020-06-23,46.8923,48.0036,46.8778,47.3057,1349227.3424153
2020-06-24,47.3201,47.3346,45.6667,45.6667,1430061.4068746
2020-06-25,45.6097,46.5788,44.7259,46.0512,1626882.4351399
2020-06-26,46.3222,46.7644,45.3106,45.4103,1059263.8741028
2020-06-29,45.4103,46.0367,44.3552,45.325,1450232.4815651
2020-06-30,45.4667,45.6667,44.2981,44.6255,1638703.4153448
2020-07-01,44.8964,45.1248,44.0416,45.0967,1213772.1517082
2020-07-02,45.3387,46.1799,45.2101,45.2672,1785275.424733
2020-07-03,45.5382,45.5518,44.5691,45.2101,621460.64291263
2020-07-06,46.1083,46.237,44.8964,45.6097,1696456.4838917
2020-07-07,45.6097,45.6097,44.968,45.1248,1088297.3996115
2020-07-08,45.0113,45.054,43.6282,44.0127,2558032.2651665
2020-07-09,44.1847,44.3126,43.3717,43.6147,1628356.4448965
2020-07-10,43.4716,43.7852,42.7589,43.7707,1197518.6323601
2020-07-13,44.4953,44.9878,44.1908,44.4664,911548.91597276
2020-07-14,44.9011,46.4219,42.3799,42.3799,4378928.2786164
2020-07-15,43.0757,43.0757,41.5541,41.6698,4862036.946942
2020-07-16,41.5831,43.2059,41.1049,43.017,2273057.045558
2020-07-17,43.2926,43.4517,42.1912,42.9593,1039860.0201768
2020-07-20,42.9159,43.3506,42.1188,42.8724,1232399.5887303
2020-07-21,43.1191,43.9739,42.6844,43.2781,1359563.80299
2020-07-22,43.3215,43.4662,42.5824,42.5824,881566.87438182
2020-07-23,42.9593,43.0315,41.7276,41.7421,1066633.9228858
2020-07-24,41.5831,41.8875,41.0327,41.8875,1105667.5930177
2020-07-27,41.8875,41.9308,41.0327,41.2496,948541.04317974
2020-07-28,41.6119,42.7134,41.2929,41.5251,1128251.9974077
2020-07-29,41.5251,41.5541,40.4237,40.7282,1003916.2528502
2020-07-30,40.6414,40.6703,38.3084,38.3951,1352872.9547812
2020-07-31,38.5406,39.4821,37.8737,38.5983,1484242.4321701
2020-08-03,38.7864,38.9897,37.9894,38.4096,977426.11672544
2020-08-04,38.7574,38.9028,38.1782,38.6707,1502220.8845043
2020-08-05,39.1197,40.2647,38.6851,39.1777,1465438.9547671
2020-08-06,39.1777,39.4966,37.3234,37.9316,1710266.4576541
2020-08-07,38.0039,38.9319,37.9894,38.8587,1082724.5391949
2020-08-10,39.1197,39.1921,38.1927,38.5406,782893.61341198
2020-08-11,38.8008,39.6847,38.4096,39.4821,1530535.7974133
2020-08-12,39.6267,40.6992,39.3374,40.1779,1668584.2994034
2020-08-13,40.2936,41.8152,40.1345,40.3514,1794166.7777033
2020-08-14,40.4671,40.786,39.6701,40.2647,869002.32062774
2020-08-17,40.2068,40.9893,39.9168,40.9893,1253818.7108974
2020-08-18,41.0037,41.0037,38.8298,38.8442,1898038.4848468
2020-08-19,38.9752,38.9752,38.0914,38.0914,1450588.5035295
2020-08-20,38.0914,39.6847,37.8882,38.8884,1105471.846624
2020-08-21,39.2355,39.3086,38.2504,38.4096,868087.96163434
2020-08-24,38.714,38.9752,38.1204,38.5261,1002781.1865136
2020-08-25,38.9028,39.9746,38.7864,38.9028,1736693.5345379
2020-08-26,38.8298,39.8156,38.6417,39.3229,1474956.958944
2020-08-27,39.4966,39.5399,38.555,39.0475,770421.02105091
2020-08-28,38.8442,39.033,37.8303,37.975,1637948.0181879
2020-08-31,38.1782,38.6851,36.6856,36.6856,2762187.8713918
2020-09-01,36.8454,37.28,35.8596,36.4541,1494389.7150221
2020-09-02,36.7731,37.0334,36.1275,36.4396,1277517.1618771
2020-09-03,36.6276,37.0912,36.3673,36.5843,985702.6420967
2020-09-04,36.3086,37.1057,36.2219,36.4252,783620.10841679
2020-09-07,36.9466,36.9466,36.2219,36.5409,444789.66959086
2020-09-08,36.6999,36.8165,34.6722,34.8457,1688152.3701026
2020-09-09,34.9903,36.0918,34.9112,35.8163,2673678.9718184
2020-09-10,36.0773,36.2798,34.9903,35.6571,971620.72535788
2020-09-11,35.8307,35.8672,35.2225,35.8672,899999.87874439
2020-09-14,36.3673,36.4252,35.3527,35.4325,676309.04517455
2020-09-15,35.4973,35.7949,34.9256,35.208,1059217.8934063
2020-09-16,35.3024,35.3024,34.4325,34.5557,1056264.6189563
2020-09-17,35.8163,36.1353,34.4468,36.1353,1797469.5054467
2020-09-18,36.1428,36.1428,34.8526,34.8526,2288991.3274989
2020-09-21,34.8602,35.2004,33.5129,33.6864,1354914.4977061
2020-09-22,33.723,33.9041,32.4549,32.8895,1732921.8036902
2020-09-23,32.636,33.5129,32.6147,32.7227,1200034.4333261
2020-09-24,32.6002,32.658,31.7667,31.9258,1364611.1697323
2020-09-25,31.9479,32.5561,31.9113,32.1869,1165280.9091719
2020-09-28,32.6002,33.8098,32.2304,33.6864,1288067.7611242
2020-09-29,33.8022,33.9041,32.6147,32.7159,1180546.5004122
2020-09-30,32.7083,33.3964,32.4837,33.216,1243342.9944989
2020-10-01,33.5563,33.6506,32.4982,32.4982,1045660.1566076
2020-10-02,32.3391,32.3536,31.6579,31.8322,1643392.1326543
2020-10-05,32.4549,33.7877,32.4549,33.3242,1350742.0779316
2020-10-06,34.0342,34.1934,33.5052,33.8964,1115481.1873864
2020-10-07,33.8751,33.9544,33.4329,33.8751,937154.90899042
2020-10-08,33.9909,34.0122,33.3028,33.8022,1144761.6949221
2020-10-09,33.6141,33.6141,32.5492,33.2014,1729414.1334138
2020-10-12,33.3096,33.455,32.2957,32.3825,1584803.5291651
2020-10-13,32.3969,32.6002,31.2666,31.8322,1961059.6274793
2020-10-14,31.8756,31.919,31.0207,31.3686,2456660.5941788
2020-10-15,31.0063,31.1151,29.528,29.5569,2172515.6545757
2020-10-16,29.5714,30.7527,28.9922,30.4994,1675611.4635638
2020-10-19,31.1007,31.4409,30.6295,30.8906,1744296.1142718
2020-10-20,30.8608,31.2087,30.0205,30.7527,1197808.9676151
2020-10-21,30.7817,31.2232,30.2817,30.2817,917540.85759472
2020-10-22,30.0647,30.5641,29.7023,30.3105,1170349.2956612
2020-10-23,30.4407,30.934,30.0936,30.2527,1894515.0497602
2020-10-26,29.9048,30.1224,29.0645,29.0645,1147923.8531076
2020-10-27,29.1223,29.1947,27.5939,27.9996,2614111.6363606
2020-10-28,27.5291,28.253,26.9491,27.3404,1825788.3595583
2020-10-29,28.76,28.7897,27.3404,28.2463,2665846.4886019
2020-10-30,28.2318,28.2318,27.2027,27.6015,2089693.9102931
2020-11-02,27.9052,28.2463,27.5291,28.1883,1707834.735676
2020-11-03,28.3985,31.064,28.3254,30.9842,4058084.1745299
2020-11-04,30.8608,30.9484,29.1367,29.7091,2294104.3809505
2020-11-05,29.8401,30.2093,29.2821,29.5425,2121040.9217032
2020-11-06,29.4991,29.5425,28.0795,28.5864,1800818.2138866
2020-11-09,29.0645,32.8895,28.6298,32.7014,5604784.1573667
2020-11-10,33.3242,36.0696,32.6726,34.73,5387893.2119431
2020-11-12,34.6425,35.4973,33.0204,33.9909,3667638.4332735
2020-11-13,33.9398,33.9398,32.7448,33.1505,1622790.1531508
2020-11-16,33.9331,35.9906,33.7664,35.9327,3765899.181709
2020-11-17,36.2151,37.5837,35.505,36.483,4868793.4818602
2020-11-18,36.483,38.0039,36.113,37.9605,2462622.3199145
2020-11-19,37.3812,37.5114,36.2509,36.4252,2204581.2785855
2020-11-20,36.4396,36.5409,35.0269,36.2509,3747506.9031062
2020-11-23,37.5258,38.3084,36.6566,38.0625,2406625.7139741
2020-11-24,38.3951,39.3954,38.3373,39.1343,2866891.172275
2020-11-25,39.4966,39.9891,38.5406,38.7574,2605628.8547222
2020-11-26,38.772,39.25,38.5116,39.1197,994092.14860795
2020-11-27,38.9752,38.9752,38.1059,38.772,1184817.4502506
2020-11-30,38.2504,42.0754,36.7144,40.0903,10609876.247281
2020-12-01,41.2929,41.6408,40.4237,41.2785,3238469.0631532
2020-12-02,41.4673,41.4673,40.0324,40.8005,2226965.9953793
2020-12-03,40.9306,41.1339,40.1922,40.1922,2021667.4404123
2020-12-04,40.8728,41.7276,40.3369,41.6553,2292487.1741676
2020-12-07,41.7565,43.365,41.2062,43.177,3649935.8651183
2020-12-08,43.1046,43.9595,42.5969,43.4662,2935998.8453908
2020-12-09,43.4662,45.2778,43.3939,44.6978,3549531.1024915
2020-12-10,44.7412,45.1765,43.5392,44.9011,2971560.3160693
2020-12-11,44.9878,44.9878,43.2926,44.8721,2952973.604807
2020-12-14,44.9445,45.7847,43.626,44.0896,1607877.9564065
2020-12-15,43.4662,43.7852,42.7856,43.3939,1583304.5584589
2020-12-16,43.4373,44.5532,43.2637,43.5103,1382978.4873856
2020-12-17,43.6983,44.1186,41.2207,42.3799,3186539.7782524
2020-12-18,42.0177,43.0604,41.9453,42.3655,2747795.9133851
2020-12-21,41.5831,41.6408,38.772,39.7287,2902799.4687786
2020-12-22,39.8011,40.9306,39.2941,40.7572,1516199.0162424
2020-12-23,41.1049,42.0177,40.815,41.5974,985387.34589208
2020-12-28,42.4233,43.4228,42.3799,43.177,1144768.263593
2020-12-29,43.4662,44.1908,42.6257,42.8869,1173070.0391602
2020-12-30,42.8869,42.9593,41.7276,41.8152,2004248.6388413
2021-01-04,42.6989,43.916,42.4667,42.7278,1419206.0212964
2021-01-05,42.5246,43.5971,42.09,43.177,2013767.9567524
2021-01-07,44.4953,45.5671,44.0462,45.5671,2945678.4388726
2021-01-08,45.6401,47.0743,45.4514,46.3496,2794960.2843936
2021-01-11,46.3641,46.5093,45.2778,45.9438,1648163.6152175
2021-01-12,46.3641,46.7263,45.1325,45.8281,1897643.0508569
2021-01-13,46.2773,46.3207,44.2776,44.4375,1684649.9547629
2021-01-14,44.1908,45.1325,43.6116,44.8721,1237030.5017356
2021-01-15,44.5387,44.6834,42.9448,43.5103,1767107.794676
2021-01-18,43.3215,44.7564,42.4523,44.6978,1618513.9483756
2021-01-19,45.2055,45.4224,43.8285,43.945,1096642.2391604
2021-01-20,43.9739,44.3362,43.1913,43.8141,1200717.5751028
2021-01-21,43.8285,44.2632,43.177,43.5537,1315137.254025
2021-01-22,43.1046,43.5392,42.09,43.2347,2051445.8532044
2021-01-25,43.4662,43.626,41.6553,41.9453,1432005.7334697
2021-01-26,41.6987,43.2203,40.9893,42.4523,1485767.6775599
2021-01-27,42.5246,43.017,41.2207,41.4384,1927954.8397285
2021-01-28,41.0037,42.4233,40.7138,42.0177,1773496.4840221
2021-01-29,41.6553,41.7131,40.5691,40.5835,3481025.1196328
2021-02-01,40.9306,42.2056,40.7426,41.4239,1663258.4210137
2021-02-02,42.0321,43.0902,41.9453,42.7712,1620350.5487675
2021-02-03,42.8869,43.4662,42.1912,42.6844,1166811.4094985
2021-02-04,43.4662,43.916,42.3655,42.3655,1523682.0461654
2021-02-05,42.8724,43.3794,42.4233,42.5535,1011570.0682174
2021-02-08,43.0461,43.6549,42.3077,43.4373,1962714.9325536
2021-02-09,43.5392,44.7122,42.9014,43.7707,2560607.1841709
2021-02-10,44.0896,44.4085,42.568,43.0604,1384137.2009376
2021-02-11,43.177,43.6116,42.5969,43.0604,1290106.6765807
2021-02-12,43.0604,43.336,42.2787,43.2926,794493.8862736
2021-02-15,44.0029,44.3651,43.4662,43.7417,1117408.4354372
2021-02-16,44.0318,44.7708,43.7561,44.6255,2136386.6507289
2021-02-17,44.6255,45.1325,44.0029,44.2921,1594685.4377115
2021-02-18,44.2487,44.5965,42.7568,42.7568,1771485.1569835
2021-02-19,42.9736,44.1329,42.8869,43.9595,1545978.7427687
2021-02-22,43.6839,43.7996,43.0027,43.1191,963501.84808893
2021-02-23,43.3939,44.5098,42.5824,43.2637,1916907.6489591
2021-02-24,43.4807,43.7128,42.9159,43.4373,2036416.7341176
2021-02-25,44.1908,44.5241,43.3939,43.4083,1934897.924901
2021-02-26,42.2056,43.1046,42.09,42.6257,2720432.1440267
2021-03-01,43.4662,43.8285,42.9014,43.7561,1516892.6678926
2021-03-02,43.7561,44.3065,43.2492,44.1186,1455415.1629285
2021-03-03,44.1329,44.7268,43.5971,43.6116,1644807.0243725
2021-03-04,43.4662,44.7708,43.177,44.5387,2240204.4947708
2021-03-05,44.2053,47.0163,44.2053,46.1905,4307566.2376376
2021-03-08,47.0163,48.8272,46.7986,48.2913,4529452.000436
2021-03-09,48.3347,49.1895,48.0303,48.5814,2820829.0242485
2021-03-10,49.1173,50.6237,48.7694,50.3055,3310252.8128058
2021-03-11,50.4211,51.3627,48.9429,49.6097,2546232.3047086
2021-03-12,49.5518,50.3344,48.8417,50.0733,1410214.824528
2021-03-15,50.0588,50.8558,49.4941,49.523,1168605.9703964
2021-03-16,49.5664,50.0588,47.8133,48.1467,1963423.0352798
2021-03-17,47.7988,47.929,45.2778,47.3353,4331139.8838696
2021-03-18,47.1609,48.1612,46.5093,47.1899,1515306.9907302
2021-03-19,45.7269,46.8863,45.698,46.1326,2714718.7140521
2021-03-22,45.6401,47.0163,45.3935,46.4219,1008252.8893979
2021-03-23,46.5093,46.5527,45.1325,45.669,1238333.726048
2021-03-24,45.2055,46.1326,44.9154,45.5091,1498204.799098
2021-03-25,45.4224,45.7703,44.5532,44.8432,1504380.6635059
2021-03-26,45.191,46.3929,44.7708,45.669,1586767.561773
2021-03-29,45.6401,47.4366,45.6401,46.4371,1426866.4053344
2021-03-30,46.6396,47.2333,46.0313,46.7842,1324705.180101
2021-03-31,47.0019,47.0597,45.9004,45.9728,1561692.3173665
2021-04-01,46.0018,46.7697,45.9872,46.5093,1208292.5664187
2021-04-06,46.3784,48.1025,46.3784,47.9579,2493258.60113
2021-04-07,48.1612,49.1027,47.9724,48.1025,2605578.9328231
2021-04-08,48.5958,48.6248,46.7697,46.7986,1690589.3470175
2021-04-09,46.8717,47.3786,46.2194,46.8131,1081299.1376031
2021-04-12,46.7842,47.2189,46.017,46.944,871931.94786233
2021-04-13,47.0453,47.0453,46.0313,46.0458,1235074.3515328
2021-04-14,46.2917,47.5233,46.1471,47.5233,1137551.9217098
2021-04-15,47.7265,49.0015,47.6246,48.8129,2737159.9214159
2021-04-16,48.8129,49.0594,48.0881,48.6537,1341950.5687595
2021-04-19,48.538,49.0015,47.8856,48.0013,1364311.6383379
2021-04-20,48.0881,48.8417,47.7411,47.9579,1379663.9360345
2021-04-21,47.7555,48.248,47.5233,48.1178,945719.1421484
2021-04-22,48.1757,48.9727,48.1757,48.4939,1876024.2410935
2021-04-23,48.3637,48.4505,47.6101,48.1757,1270269.2903734
2021-04-26,48.3058,48.4939,47.6679,48.3637,898424.71145548
2021-04-27,48.4793,48.5814,47.9724,48.4793,1514181.1205329
2021-04-28,48.6103,48.7984,48.0736,48.6537,1334022.1829475
2021-04-29,49.0449,49.8854,48.8996,48.8996,1888528.363075
2021-04-30,49.4362,49.4362,48.3202,48.3347,1236435.3801494
2021-05-04,48.6681,49.4218,48.248,48.6248,2139334.6702421
2021-05-05,49.0015,50.1022,48.7838,50.0299,1782069.9133194
2021-05-06,50.2034,51.4351,49.5664,49.9142,2873953.8072585
2021-05-07,50.7112,51.0005,50.1746,50.7256,1524803.9751602
2021-05-10,50.928,52.5221,50.928,52.0006,1989136.7545007
2021-05-11,51.9572,52.3775,51.2471,52.3043,1696118.854206
2021-05-12,52.3043,53.5801,51.4792,53.0291,2453663.9665007
2021-05-13,52.5221,53.9272,51.8262,53.609,2744234.3800071
2021-05-14,54.1449,55.6809,53.9706,55.391,2084453.4246255
2021-05-17,55.7823,56.4338,54.6808,55.391,1981683.940464
2021-05-18,55.8835,56.1445,55.2752,55.6369,1427846.4510371
2021-05-19,55.2752,55.2898,54.0148,54.4783,2165953.5523171
2021-05-20,54.4783,55.7533,54.1883,55.7099,1185991.9286128
2021-05-21,55.7823,56.1301,55.0575,55.0575,1057129.0560507
2021-05-24,55.0575,55.4632,54.6953,54.8407,923636.58421736
2021-05-25,55.362,55.362,54.3763,55.1154,1640942.0183976
2021-05-26,55.1443,55.6079,54.7676,55.6079,1088437.9691694
2021-05-27,55.55,57.0283,55.1733,56.7094,2779847.0863189
2021-05-28,56.7672,57.941,56.7672,57.912,1355408.46176
2021-05-31,58.0422,59.8972,57.8107,59.2594,1454852.884697
2021-06-01,59.2594,61.0268,58.8247,59.1725,1715002.4693943
2021-06-02,59.1869,59.7807,58.1867,58.8103,1410029.5880078
2021-06-04,59.0126,59.665,58.6656,59.0713,936177.4907561
2021-06-07,59.2449,60.3753,58.9115,59.0713,738381.67172482
2021-06-08,59.0424,59.1725,58.231,58.68,1032223.2833541
2021-06-09,59.0424,59.2738,57.1585,58.1578,1921443.9731031
2021-06-10,57.9554,59.9695,57.6509,59.9695,1535127.2983931
2021-06-11,59.7807,59.8385,58.6069,58.9258,844758.66996087
2021-06-14,59.2449,60.201,59.1002,60.201,979621.3665501
2021-06-15,60.433,60.5778,59.3896,59.6795,1052897.5182379
2021-06-16,59.5927,60.3753,58.6069,58.6069,1377611.8832361
2021-06-17,58.448,59.6072,58.3177,58.9692,1194050.3741092
2021-06-18,58.8536,58.9692,56.4628,56.8829,4217383.6407113
2021-06-21,56.7382,57.5642,55.4778,57.2885,1177535.4216581
2021-06-22,58.1434,58.5203,57.3762,57.5787,1169721.3307203
2021-06-23,57.912,58.1,57.622,57.7376,668982.34961971
2021-06-24,57.941,58.0277,57.1874,57.8397,1196145.7801358
2021-06-25,57.941,58.2454,57.2451,57.5064,880238.68911986
2021-06-28,57.4484,57.5064,56.9559,57.2307,480578.41628354
2021-06-29,56.8829,56.9118,54.8551,55.7823,1754602.3589603
2021-06-30,55.8401,56.1445,54.9563,55.6224,1432833.3860069
2021-07-01,55.7678,57.3616,55.6369,56.3759,1255169.2296405
2021-07-02,56.8684,57.2307,56.0859,56.0859,670766.40064418
2021-07-05,56.2892,56.7528,56.0859,56.3614,616401.45256267
2021-07-06,56.5791,56.8684,54.7097,54.8254,935219.77853457
2021-07-07,54.8254,55.2752,54.087,54.3329,1964045.7452839
2021-07-08,54.3329,54.3763,52.3918,53.1447,2102179.6399961
2021-07-09,53.4058,54.2462,52.9133,54.0003,1422322.1987854
2021-07-12,54.0582,54.8407,53.6524,54.6953,963672.6335331
2021-07-13,54.9129,54.9274,53.826,53.9127,784941.72500782
2021-07-14,54.3329,54.7386,54.1883,54.5362,729452.22046316
2021-07-15,53.985,54.6953,53.5504,53.6669,1321144.9604572
2021-07-16,53.6813,54.1738,53.609,53.6958,887507.58037053
2021-07-19,53.6958,53.8405,51.5226,51.9283,1884799.9854554
2021-07-20,52.1598,52.9711,51.6095,52.5221,1553725.8332631
2021-07-21,53.0396,53.8922,52.6742,53.6181,1083264.4839453
2021-07-22,53.7704,53.9531,52.2937,52.3089,1345673.6914424
2021-07-23,52.2632,52.9027,52.0805,52.8264,844130.70502001
2021-07-26,52.8264,53.9379,52.0652,53.5421,969409.71072299
2021-07-27,53.5725,53.6791,52.6895,52.8569,708420.64988086
2021-07-28,53.0396,54.7752,53.0396,54.4555,1217450.6074287
2021-07-29,55.993,56.5411,55.2167,55.2167,2459724.2223003
2021-07-30,55.2167,55.6582,54.973,55.5212,1473285.8890595
2021-08-02,56.1758,56.1758,54.8208,54.9883,856402.29605063
2021-08-03,56.0387,56.9826,55.308,56.0844,1869801.0822548
2021-08-04,56.328,56.7846,55.8256,56.2672,853916.71097088
2021-08-05,56.5411,57.0283,55.9779,56.8608,936465.19854281
2021-08-06,56.7085,56.8151,55.7342,56.328,932480.64275694
2021-08-09,56.2367,56.2519,55.506,55.506,481029.02710931
2021-08-10,55.4907,56.4193,55.4146,56.2824,686825.4873328
2021-08-11,56.1605,56.937,56.0996,56.7085,846378.50421211
2021-08-12,56.7085,57.7286,56.4954,57.5306,842470.14500901
2021-08-13,57.6676,57.6676,56.5869,57.0891,610293.90233236
2021-08-16,56.8151,57.5459,56.2062,56.3127,609265.24846478
2021-08-17,56.2367,56.4954,55.9626,56.4802,628720.33802399
2021-08-18,56.4802,56.4802,55.582,55.856,576059.30318161
2021-08-19,55.1862,55.1862,53.1615,53.8465,1750261.7812101
2021-08-20,53.8313,54.425,53.3594,54.3641,760853.09497489
2021-08-23,54.6229,55.506,54.6229,55.1862,1173550.8658722
2021-08-24,55.5668,56.6933,55.4298,56.6019,1116448.0957473
2021-08-25,56.5564,56.5564,55.8407,56.5106,552670.89346978
2021-08-26,56.328,56.328,55.3384,55.3384,593119.4553199
2021-08-27,55.4755,56.0692,55.034,55.993,419401.75644806
2021-08-30,55.993,56.4193,55.8104,56.2976,576697.77799597
2021-08-31,56.2976,56.9978,55.7038,56.5564,2363172.6420408
2021-09-01,56.7085,56.8303,56.0539,56.0539,696556.31644787
2021-09-02,55.9779,56.2519,54.8056,55.9474,1050485.5022725
2021-09-03,56.1301,56.8456,55.8256,56.6019,783934.09088722
2021-09-06,56.5411,56.7085,56.0692,56.7085,354989.36931268
2021-09-07,56.6324,57.4241,56.4346,57.2109,961793.99364724
2021-09-08,57.0739,57.6981,56.2672,57.2262,1209484.1233254
2021-09-09,56.8913,57.2262,56.5259,56.7846,851964.50197061
2021-09-10,56.9675,57.0891,56.4041,56.739,693714.70940373
2021-09-13,57.0587,58.5963,56.6324,58.5963,1443919.9888018
2021-09-14,58.6116,61.4432,58.4137,61.2757,2654307.9612471
2021-09-15,61.0473,61.1235,59.7989,60.3623,1883469.172725
2021-09-16,60.2709,60.2861,58.5051,58.6877,1321377.4914081
2021-09-17,58.779,59.1901,57.485,57.9113,3203794.3630502
2021-09-20,57.1654,57.5002,55.2014,56.4954,1480674.3301211
2021-09-21,56.4954,57.8352,56.4954,57.1349,1045798.0986972
2021-09-22,57.4697,59.2052,57.4697,58.9922,795543.55988815
2021-09-23,59.6772,59.7989,57.9418,58.1853,975743.22323328
2021-09-24,58.2462,60.0579,58.0178,60.0579,2070467.4104823
2021-09-27,60.2101,61.1843,60.1644,60.7581,2086339.9469165
2021-09-28,60.7886,60.8038,59.6315,60.5601,1336055.8434673
2021-09-29,60.3319,61.0017,59.7837,60.8951,1125240.9186536
2021-09-30,60.8951,62.6763,60.7733,62.4327,3479520.8939899
2021-10-01,61.8542,62.524,61.3518,61.8999,1078318.2747353
2021-10-04,61.6563,62.8742,61.5803,62.3566,1349272.0093776
2021-10-05,62.4175,62.4175,61.1538,62.3871,1144579.0858703
2021-10-06,62.1283,62.3566,60.9713,62.0825,1692633.5174107
2021-10-07,62.0978,62.113,61.0017,61.4432,1100742.4035547
2021-10-08,61.6411,64.2443,61.565,64.1074,2738272.6542714
2021-10-11,64.4879,66.6497,63.5896,66.5583,2317039.5523682
2021-10-12,66.3756,67.1064,65.8428,67.0151,1979361.2584233
2021-10-13,67.0151,68.0959,64.838,66.2235,1725902.5219348
2021-10-14,66.9085,68.4309,66.2235,67.9741,1872443.0017027
2021-10-15,68.2026,69.4205,68.1263,68.9637,1573338.5709246
2021-10-18,68.8876,69.192,67.6393,68.0808,1111913.0853375
2021-10-19,67.8676,69.1616,66.8629,67.3956,1527812.4264459
2021-10-20,67.3956,68.583,67.3043,68.5375,1017395.1655977
2021-10-21,68.2787,68.2787,66.33,66.6802,1626381.9024151
2021-10-22,66.2995,66.7411,65.3558,65.7971,1191361.1602307
2021-10-25,65.8885,68.1568,65.8885,68.1568,1120811.0069787
2021-10-26,68.2026,68.9486,67.7002,68.1263,969894.47863759
2021-10-27,68.1263,68.1263,66.5583,67.8219,1083682.2514164
2021-10-28,68.6593,68.9333,66.4214,66.5736,1711912.566589
2021-10-29,66.5736,67.4566,65.0055,65.5079,1642903.4235371
2021-11-02,65.5079,67.7153,65.3558,66.6345,2144801.1181897
2021-11-03,66.5888,67.2891,65.5383,66.2235,1174725.3442344
2021-11-04,66.5888,67.9741,66.4517,67.7458,1416696.7890013
2021-11-05,67.6697,67.8981,66.7259,67.3347,583166.60512741
2021-11-08,67.7458,68.3548,66.4366,66.7562,805510.86115668
2021-11-09,66.6192,67.2586,65.7363,67.0151,1344771.1560566
2021-11-10,66.8934,67.9741,66.6649,66.8781,1189188.2438872
2021-11-12,66.6802,67.1673,65.1426,65.2948,1730964.3397532
2021-11-15,65.1273,65.9038,60.4232,63.057,2471228.5925664
2021-11-16,62.661,63.9094,62.0369,63.5289,2108440.8971261
2021-11-17,63.7116,63.7724,61.5041,61.6563,1339819.6919099
2021-11-18,61.2757,61.2757,59.3728,59.8294,1681859.5833521
2021-11-19,60.1339,61.2757,58.0787,58.779,1544863.3824449
2021-11-22,58.7638,61.093,58.4593,60.2709,1408550.3233144
2021-11-23,60.4079,60.956,59.7076,60.3623,1820206.3030023
2021-11-24,60.8646,62.2653,60.1035,60.8951,1010901.3775167
2021-11-25,60.9104,61.2757,59.5402,59.8446,849513.0739797
2021-11-26,58.5963,58.5963,55.8256,56.0539,1775065.0826401
2021-11-29,56.0083,56.9065,54.2727,54.5163,1760787.4195076
2021-11-30,53.877,55.2318,52.6742,54.2727,2054315.0486665
2021-12-01,55.5973,57.0436,55.3384,56.937,1442675.8825277
2021-12-02,56.4802,56.7085,55.445,56.0234,1149703.9629295
2021-12-03,56.4802,57.6676,55.9626,56.1453,1933494.8567905
2021-12-06,56.328,57.4697,55.4907,55.993,914169.81567366
2021-12-07,56.7238,58.1548,56.7238,58.1395,1232008.0959429
2021-12-08,58.307,58.7333,57.0891,57.0891,1170047.1367984
2021-12-09,57.622,57.7895,55.1862,56.1149,1157709.8590585
2021-12-10,55.7191,56.7085,55.5668,55.9474,358700.66838789
2021-12-13,56.2976,57.2567,56.0539,56.465,1400372.3280071
2021-12-14,56.4041,57.2109,55.4755,57.0131,1356500.1748685
2021-12-15,56.8608,56.8608,54.425,54.6991,1505275.3164866
2021-12-16,55.6429,56.9065,55.1405,56.9065,1246126.7972389
2021-12-17,56.0539,56.328,54.9578,55.4907,2615918.0208663
2021-12-20,54.8056,54.8056,53.0243,54.0292,1525697.3144066
2021-12-21,54.8056,55.2622,54.3793,54.5011,1078768.8855611
2021-12-22,54.5315,55.2014,54.425,55.2014,609972.03745681
2021-12-23,55.3384,55.8712,54.8817,55.5668,698448.09367558
2021-12-27,55.5515,55.7799,54.288,54.5011,619836.86745884
2021-12-28,54.5163,55.7038,54.5163,55.3536,1016349.4331857
2021-12-29,55.445,56.2824,55.3536,56.2824,436101.94541941
2021-12-30,56.4802,56.5869,56.0083,56.5869,516549.77202806
2022-01-03,56.7085,57.6068,56.328,57.2109,743781.11922893
2022-01-04,57.6372,58.1244,57.0739,58.1244,1080034.0115821
2022-01-05,58.1548,60.2101,57.9113,60.1492,2223458.3251029
2022-01-07,59.7534,61.7781,58.9159,60.7886,2106935.3577491
2022-01-10,60.9104,61.0017,59.1597,59.2357,1298845.6363854
2022-01-11,59.6011,60.4384,58.1853,60.2405,1738682.5280954
2022-01-12,60.4688,62.7524,59.388,62.5698,3180939.3294178
2022-01-13,62.5698,63.6811,61.3975,61.9912,1917004.8652889
2022-01-14,61.9912,63.1787,61.9455,62.5393,1391927.64466
2022-01-17,62.448,62.5698,61.8542,62.0825,545878.8877286
2022-01-18,62.0673,62.6002,60.5145,60.8951,1014698.069314
2022-01-19,60.5145,61.8999,59.8904,61.5498,1639663.7550347
2022-01-20,61.5803,61.6563,60.1796,61.4736,725437.44879101
2022-01-21,60.5449,60.8342,58.307,59.2052,1642761.5402451
2022-01-24,58.9159,59.5249,54.8056,55.4146,1839766.4912964
2022-01-25,55.7191,57.0587,55.4907,56.6629,1538231.6522744
2022-01-26,57.2414,57.8656,55.9474,56.6782,1054939.0611628
2022-01-27,55.9321,57.0891,54.5011,56.1758,2112944.3779154
2022-01-28,56.3432,56.3432,53.9379,54.6382,2473317.429922
2022-01-31,55.506,55.7342,53.7399,54.0444,2296515.0831816
2022-02-01,54.425,55.0644,53.9684,54.5924,931181.35964707
2022-02-02,54.8817,55.6582,53.9379,54.2727,1575967.3530306
2022-02-03,54.2727,54.6229,53.8008,54.1662,1274345.8075523
2022-02-04,54.1814,54.2423,52.3698,52.4612,1660741.3063135
2022-02-07,52.8874,53.2072,51.1975,52.1415,1473094.0838684
2022-02-08,52.3698,54.5772,52.0501,54.5011,1782274.8558524
2022-02-09,54.8512,56.1758,54.1814,55.7647,1925349.7048378
2022-02-10,55.7647,56.0083,53.9684,54.2119,1199788.7650333
2022-02-11,53.8922,54.6077,53.5116,54.5163,1011047.2020114
2022-02-14,53.0853,54.1814,51.7913,53.7246,1610328.0706632
2022-02-15,54.2119,55.7952,54.1511,55.7799,1984384.9779502
2022-02-16,55.8104,57.4697,55.8104,56.1149,1842534.5292261
2022-02-17,55.9474,55.993,54.1814,54.6382,1166606.4669655
2022-02-18,54.6077,55.034,53.9531,54.014,875785.13022961
2022-02-21,54.4098,54.8056,51.4715,51.8523,1138114.1999414
2022-02-22,50.6951,53.268,49.5839,53.0548,1864521.1845616
2022-02-23,53.192,54.425,51.9131,51.9131,1462709.0151287
2022-02-24,49.4165,50.1624,46.5391,47.9245,3444990.7046473
2022-02-25,48.4116,53.6638,48.3507,53.1767,3300125.2359665
2022-02-28,52.111,54.5772,51.1519,54.0901,3882381.4233031
2022-03-01,54.1966,57.1805,54.1966,55.582,2338295.7714963
2022-03-02,55.6429,58.9617,54.8817,58.9617,3481034.3157721
2022-03-03,60.1339,61.8086,59.251,60.2101,3479562.9334838
2022-03-04,59.3575,59.8904,56.0996,56.6477,2523414.0556335
2022-03-07,55.5668,59.8294,55.5668,59.1445,2985288.8383122
2022-03-08,59.1445,60.5601,58.094,58.9008,1960394.8779813
2022-03-09,60.2253,60.8646,55.6429,56.3585,2535145.7019137
2022-03-10,56.4954,57.4088,55.8712,56.8303,1698177.4756753
2022-03-11,56.8303,59.2205,56.4802,59.0682,1798792.4357719
2022-03-14,58.6267,58.9312,56.1758,56.1758,2312039.4800566
2022-03-15,56.4802,57.6525,55.8712,57.0891,1718387.9623914
2022-03-16,58.0178,58.0331,56.0539,56.6933,1795921.9265757
2022-03-17,57.2414,58.4898,56.8608,58.3374,1766870.0087884
2022-03-18,58.5507,59.327,56.739,56.9217,3201994.5472155
2022-03-21,57.0283,59.3728,57.0131,59.3728,1210001.7345946
2022-03-22,59.4489,59.7229,58.5507,59.4032,1312563.6487548
2022-03-23,59.7534,60.2557,59.1901,60.1035,891099.32963482
2022-03-24,60.1035,60.2861,58.3984,59.5554,1166016.600316
2022-03-25,59.5554,60.1035,58.4746,59.114,1178434.0158413
2022-03-28,58.4593,59.8751,58.3223,58.8856,1059769.6617644
2022-03-29,59.3575,59.4032,56.8303,57.4697,2058972.2363555
2022-03-30,57.9569,58.1091,56.9522,57.561,1539102.6580397
2022-03-31,57.7134,58.703,57.4697,57.8656,1843510.6337263
2022-04-01,58.3984,58.5811,57.5915,58.2158,1078926.5336634
2022-04-04,58.6116,60.3319,58.4288,60.1339,1987213.4476525
2022-04-05,60.2101,60.3927,58.0787,58.0787,1271004.9815175
2022-04-06,58.0787,58.6116,56.9522,58.6116,1046129.159712
2022-04-07,58.6116,58.6267,56.4802,56.4802,1124624.7773204
2022-04-08,57.0891,58.094,57.0131,57.8503,1153237.9078896
2022-04-11,58.1548,59.9056,57.6981,59.9056,1548017.6582253
2022-04-12,59.8294,61.5803,58.4898,61.1843,2269159.1962283
2022-04-13,61.5803,62.2805,60.1492,62.113,1853036.5203083
2022-04-14,62.1893,62.4936,61.0626,61.7172,798814.75801107
2022-04-19,61.7172,62.1588,60.5753,61.3365,1082784.9709674
2022-04-20,61.3365,62.052,60.4688,60.4688,669472.37247106
2022-04-21,60.7429,61.1996,59.6163,59.662,1218330.8093333
2022-04-22,59.5249,59.5554,57.9265,57.9265,960247.72851042
2022-04-25,57.1044,57.4697,55.506,55.506,1717292.3080803
2022-04-26,56.7998,58.5203,56.0692,56.3432,2083327.5544282
2022-04-27,56.4041,57.9113,56.2214,57.1044,1617548.353749
2022-04-28,57.8503,58.779,56.8456,57.8503,1099352.472786
2022-04-29,58.4593,59.0682,57.0891,57.3328,1350590.9985002
2022-05-02,57.3175,57.485,54.5772,55.1557,813980.50545327
2022-05-04,55.5668,57.0131,54.9122,56.328,1260512.1865746
2022-05-05,57.0739,57.0739,54.8208,55.1862,1420778.5611169
2022-05-06,54.8056,57.0131,53.6638,57.0131,1738615.5276519
2022-05-09,56.3889,58.1853,55.993,57.4088,1355830.1704337
2022-05-10,57.485,58.3832,54.9274,56.328,2242306.4694683
2022-05-11,56.937,57.2871,54.9426,54.9426,1736564.7885877
2022-05-12,54.0292,54.3032,52.7351,53.2832,2085726.4330517
2022-05-13,53.8922,56.2062,53.8922,55.9474,1288761.4127744
2022-05-16,55.5668,56.6477,55.4146,56.2062,819037.06833485
2022-05-17,56.6172,57.348,55.4146,55.445,1177764.0114065
2022-05-18,55.5668,56.6629,55.4755,55.6125,1344639.7826381
2022-05-19,54.8056,54.9578,53.6942,54.3489,1215796.6160887
2022-05-20,54.6534,55.1101,53.3289,53.3289,1370369.2666692
2022-05-23,53.9835,55.8407,53.9835,55.2927,1057870.0021315
2022-05-24,54.425,55.2622,54.1206,54.5924,1149770.963373
2022-05-25,55.1101,55.1101,54.1358,54.3032,1107551.4878403
2022-05-26,54.3032,54.7904,53.8922,54.5011,731412.31186855
2022-05-27,54.5315,54.7752,53.2985,53.5877,1063944.7090072
2022-05-30,54.0444,55.5515,53.9684,55.4907,873910.43154631
2022-05-31,55.4907,58.1548,54.9426,56.2519,3666709.6232041
2022-06-01,56.2519,56.2519,54.8817,54.9426,648917.68739824
2022-06-02,54.8056,55.1405,53.7704,54.6838,1024660.1156458
2022-06-03,54.1358,55.5973,53.6638,55.5668,1622125.4036527
2022-06-06,56.0539,57.0587,55.506,55.9474,914833.25143755
2022-06-07,55.9474,56.5259,55.445,56.3585,1273448.5271033
2022-06-08,56.4041,56.9826,55.582,55.8256,981450.0845369
2022-06-09,55.8256,56.2062,55.582,55.7342,992087.39024024
2022-06-10,55.5668,55.5668,53.8618,53.8618,896559.20891148
2022-06-13,53.5116,54.6534,52.9483,53.6486,1337888.5026566
2022-06-14,53.6486,54.1053,52.7656,53.9074,942324.45301199
2022-06-15,54.0597,54.1206,53.0396,53.8465,1217273.2533136
2022-06-17,52.6286,52.9027,51.4563,51.4563,2924152.9042364
2022-06-20,51.7608,52.0652,49.9644,50.7256,1461747.3617046
2022-06-21,50.9996,52.8417,50.8322,52.8417,839536.57657186
2022-06-22,51.837,51.9587,50.0101,50.3451,1315832.2194093
2022-06-23,50.2384,50.7408,49.0967,49.0967,883068.47255632
2022-06-24,49.4925,49.8426,49.0358,49.2489,895597.55548739
2022-06-27,49.4012,51.4259,49.4012,51.3346,1051230.3895559
2022-06-28,51.7608,52.583,51.6086,52.3393,2023328.0004233
2022-06-29,52.0652,53.3594,51.8065,52.7504,1276329.5461731
2022-06-30,52.2937,52.72,51.974,52.1566,1959911.4238008
2022-07-01,51.7608,53.405,51.563,51.776,1094083.0849663
2022-07-04,52.5221,54.3185,52.0805,54.2271,938364.85817565
2022-07-05,54.425,54.7296,52.5068,52.9787,1512249.9312796
2022-07-06,53.3136,53.3136,51.4867,51.563,1119204.3100693
2022-07-07,51.7608,53.7246,51.563,53.6638,892013.68862821
2022-07-08,53.6181,55.9474,53.2832,55.8407,1378958.4607767
2022-07-11,54.425,54.425,53.0548,53.7399,1594559.3192297
2022-07-12,53.2832,54.3336,52.5221,52.9178,1492296.9364639
2022-07-13,52.9331,54.9578,52.6742,53.7551,1210401.1097871
2022-07-14,53.7095,54.1662,50.6648,51.1671,1732525.055966
2022-07-15,51.502,52.5982,50.8627,52.2937,837456.93535556
2022-07-18,53.2072,55.5515,53.192,55.3841,1326014.9730843
2022-07-19,55.1862,55.6582,54.2423,55.4146,851471.8516509
2022-07-20,55.7495,56.4041,55.5668,56.4041,1383417.2746037
2022-07-21,56.4802,57.0283,55.506,55.9017,1755071.3620647
2022-07-22,55.9626,58.0026,55.7342,57.6981,2235002.1073946
2022-07-25,57.622,58.5203,56.5411,58.1853,1454558.6082393
2022-07-26,58.8553,60.7061,58.632,59.35,1841632.8528444
2022-07-27,59.9882,61.408,58.4405,59.2223,5622400.8757126
2022-07-28,59.8286,60.9453,58.9511,59.8127,19845312.430288
2022-07-29,59.8286,60.4189,57.7545,60.2435,3590677.4280746
2022-08-01,60.2274,60.7859,59.6212,60.7061,1275794.9863057
2022-08-02,60.69,61.2645,59.6212,60.7061,1479377.8790179
2022-08-03,60.7061,60.7698,58.8713,59.3978,2211523.3917198
2022-08-04,59.3659,59.4457,57.4514,57.7545,1716975.452741
2022-08-05,59.4298,60.7061,54.6594,55.9676,3249183.0178296
2022-08-08,56.2389,57.6428,55.7124,56.7654,1539696.4610995
2022-08-09,56.7175,57.2759,55.84,56.1591,1516604.2358875
2022-08-10,56.0793,57.0365,55.6805,56.7016,1253966.3712677
2022-08-11,56.9727,57.6109,56.3347,57.6109,947733.95564777
2022-08-12,57.4354,57.9141,56.5261,57.6747,959330.83830539
2022-08-16,57.4195,57.4195,54.9465,55.6007,2033138.7411761
2022-08-17,55.6007,55.6965,53.3991,53.8457,2219028.5842905
2022-08-18,53.8457,54.8988,53.1438,54.452,2348082.2947906
2022-08-19,54.1967,55.2177,53.5426,54.4839,2676315.066117
2022-08-22,54.085,54.2446,51.7717,52.011,2356013.7050787
2022-08-23,52.011,55.6485,51.8674,55.0423,5111758.2035762
2022-08-24,55.0742,55.0742,52.0429,52.6491,3558879.0791941
2022-08-25,53.2555,53.2873,51.4685,51.7078,2145556.1713012
2022-08-26,52.0907,52.0907,49.4742,49.8572,2241020.1649264
2022-08-29,49.2349,51.6599,48.3894,51.1495,1681631.975317
2022-08-30,51.5005,51.6121,48.4213,48.7722,2007259.8042413
2022-08-31,48.6766,49.0913,47.2885,48.6446,4097921.6407055
2022-09-01,48.3255,48.4053,45.406,45.6293,2757904.4194595
2022-09-02,46.0919,47.6715,45.9962,47.5118,2235198.5323394
2022-09-05,47.0652,48.4053,46.6822,47.5597,1129668.749061
2022-09-06,47.6076,47.7033,45.1347,45.406,1584138.4332082
2022-09-07,44.8634,46.778,44.6082,46.3312,1914816.9420836
2022-09-08,46.6663,46.8258,43.9222,44.2093,1998398.2364641
2022-09-09,44.672,45.9803,44.5125,45.7249,1448617.4956374
2022-09-12,46.1876,47.1927,45.1187,46.5706,1338233.3747406
2022-09-13,46.778,47.3044,44.7518,45.0071,1874593.2717955
2022-09-14,44.9592,45.8685,44.5604,45.5176,1635165.4690507
2022-09-15,45.5974,45.7888,44.337,45.3261,2000973.0929098
2022-09-16,44.9273,45.9962,44.4486,45.1347,4210382.9461839
2022-09-19,44.8315,46.1876,44.7198,46.1876,1502799.7961701
2022-09-20,46.2833,46.8258,44.8634,44.8634,1511037.0803495
2022-09-21,44.8634,46.8578,44.7518,46.2674,1693650.061366
2022-09-22,45.9803,47.2726,45.6133,46.5865,1684136.6311975
2022-09-23,46.5865,46.5865,43.7147,43.9222,1574152.4028061
2022-09-26,42.2789,42.5979,40.1569,41.2259,2833302.3336661
2022-09-27,41.5609,43.3,41.5609,42.7256,2011906.8309424
2022-09-28,42.3108,43.6988,41.2738,43.3956,1866025.0420944
2022-09-29,44.321,44.321,42.1194,42.5979,1279043.0160286
2022-09-30,43.0766,44.4806,42.1353,42.7096,1793288.4814585
2022-10-03,42.7096,42.8373,40.9227,42.1832,1835957.8892955
2022-10-04,42.6777,44.5443,42.5182,44.5443,1819553.521502
2022-10-05,44.2731,44.8156,43.0766,43.5233,1988077.4997956
2022-10-06,43.7147,44.7997,43.252,43.97,1524323.7908984
2022-10-07,43.7467,43.8424,42.5182,42.7893,1425599.2317352
2022-10-10,42.6777,43.5871,42.2629,42.7575,1275475.3230177
2022-10-11,42.8851,43.0447,41.4971,41.88,2574627.0402365
2022-10-12,42.2629,42.7734,41.194,41.9757,1751292.2468986
2022-10-13,42.1512,42.5022,40.7951,42.2789,1971053.8627304
2022-10-14,43.1245,43.6349,42.1194,42.5182,1892982.0591379
2022-10-17,42.5182,43.8743,42.2949,43.1883,1393448.6264472
2022-10-18,42.2789,42.2789,40.6516,41.2259,7621855.8813996
2022-10-19,41.4812,41.6407,40.0453,40.2048,2774069.3531824
2022-10-20,40.2846,40.9227,39.79,40.6835,3863412.891852
2022-10-21,40.4441,40.4441,39.8459,40.0931,2686338.7039649
2022-10-24,40.3963,40.4282,39.1279,40.1091,1974032.3724261
2022-10-25,40.3164,40.9865,39.774,40.8909,3193374.8220633
2022-10-26,41.0504,42.5501,40.7153,42.5022,4166685.6014991
2022-10-27,42.8213,44.337,42.5341,44.337,12846816.257134
2022-10-28,43.8743,44.9113,43.268,44.3051,13501555.618031
2022-10-31,44.5763,44.5763,43.2361,43.8104,6841846.1190346
2022-11-02,44.5763,46.7301,44.2731,46.2993,5825489.8573053
2022-11-03,45.8685,47.8309,45.3102,47.8309,4762703.4431737
2022-11-04,48.517,50.256,48.517,50.256,4255194.7248416
2022-11-07,50.6229,50.7666,47.3044,48.2617,3482514.6536342
2022-11-08,48.1819,49.6976,47.5437,49.4903,2676844.0775192
2022-11-09,49.4583,49.8412,48.5488,48.6606,2704839.0600627
2022-11-10,48.2617,50.1603,47.4162,49.937,3797626.1871726
2022-11-14,50.1762,52.0748,49.9529,50.607,4343612.336733
2022-11-15,50.8782,52.2343,50.0805,51.7717,4374287.47657
2022-11-16,51.2133,51.8195,51.0697,51.1335,2906176.7882695
2022-11-17,51.293,51.9632,50.3358,51.1335,3268212.3853296
2022-11-18,51.1335,51.5324,49.57,50.0646,2716761.873916
2022-11-21,50.0805,50.5113,48.8521,49.0595,2269416.2935568
2022-11-22,49.6976,51.5324,49.6657,51.1654,2634981.9761822
2022-11-23,51.5803,52.1705,50.4315,50.7346,2603690.0742365
2022-11-24,51.1973,51.2292,49.7933,51.0856,1725195.1867791
2022-11-25,51.0537,51.3888,50.3677,51.2611,1408363.7393928
2022-11-28,50.8144,50.8303,49.6817,49.937,3093964.5538077
2022-11-29,51.0537,52.0269,50.1603,51.6919,2686878.9976008
2022-11-30,51.8514,52.8884,51.277,52.0907,8501021.4349712
2022-12-01,52.4896,54.4361,51.4685,54.4361,4503743.5867386
2022-12-02,54.1967,54.2126,51.4525,51.4525,4258796.2645535
2022-12-05,51.7078,52.9363,51.293,52.5056,1385317.8966972
2022-12-06,52.2503,52.3939,50.8303,51.2292,2016027.3534044
2022-12-07,51.0537,51.7078,50.9421,51.5483,1326455.9763438
2022-12-08,51.309,51.309,49.7774,50.24,1842619.421502
2022-12-09,50.2719,50.4634,48.9159,49.6178,1908887.5014858
2022-12-12,49.4264,50.8942,49.1073,50.8463,1825956.815915
2022-12-13,50.7984,51.8674,50.0166,51.0058,2164698.3611382
2022-12-14,51.0537,51.4685,50.4794,50.7187,1882231.3440075
2022-12-15,50.4155,50.7984,49.937,50.6389,2334422.0169482
2022-12-16,50.256,50.5113,49.219,49.8572,6039295.7073272
2022-12-19,49.6976,50.5432,49.5062,50.0805,1623223.8514746
2022-12-20,49.57,50.974,49.3307,50.8942,1240422.6765068
2022-12-21,50.6708,51.0378,50.2879,50.4954,1429459.0092407
2022-12-22,50.6548,51.0058,50.3518,50.8144,1126791.7794686
2022-12-23,50.7984,50.8303,50.2719,50.8144,866282.49627268
2022-12-27,51.0537,51.2611,50.4954,50.8303,651208.02175071
2022-12-28,50.8303,51.5642,50.6548,50.7506,1668024.3478986
2022-12-29,50.8303,51.4525,50.6229,51.4525,1426644.7187244
2022-12-30,51.4525,51.5324,51.0537,51.2452,790988.62933238
2023-01-02,51.2452,51.8514,50.974,51.5324,718194.40394643
2023-01-03,51.628,52.5056,51.5324,52.011,1977491.0038445
2023-01-04,51.6919,52.9363,51.6121,52.4576,2291243.6550134
2023-01-05,52.011,52.346,49.3945,49.8252,6352993.2009091
2023-01-09,50.591,50.7666,48.7403,49.4583,7118352.3560295
2023-01-10,49.1711,49.8891,48.884,49.4583,5704331.203229
2023-01-11,49.6976,51.0856,49.4583,49.4583,3728400.9083791
2023-01-12,49.9688,50.5591,49.6976,50.3518,3096980.670949
2023-01-13,50.4954,50.5591,49.7614,49.8572,2080046.5081381
2023-01-16,50.0486,50.7187,49.1551,50.4954,2033954.8227468
2023-01-17,50.2879,50.5272,49.3945,49.8252,2209673.1053937
2023-01-18,49.7614,51.1176,49.6657,50.9421,2758377.0196932
2023-01-19,50.1762,50.7984,49.8731,50.4954,2069463.7729316
2023-01-20,50.7666,51.0217,50.256,50.7666,1167521.8966915
2023-01-23,50.8942,52.0269,50.7187,51.8354,2397064.7391711
2023-01-24,51.9312,52.8087,51.4206,51.7238,1943945.1623228
2023-01-25,51.7238,52.2503,50.9261,51.3409,1762549.4089639
2023-01-26,52.011,52.3301,51.7558,51.9472,1704838.2764475
2023-01-27,52.2503,53.9254,52.1705,53.8935,4278562.7379884
2023-01-30,53.8776,53.8776,52.3141,52.6013,2546879.0132528
2023-01-31,52.6013,52.697,51.5005,51.7877,3547658.270993
2023-02-01,51.8036,52.5056,50.0486,50.1603,4315923.2280808
2023-02-02,50.6548,51.1973,49.937,50.7027,3308683.0111775
2023-02-03,50.4954,51.0537,50.0166,50.2879,1691737.0959638
2023-02-06,50.4155,50.6868,49.4583,49.4903,1867079.3041542
2023-02-07,49.8572,49.9847,49.1711,49.9529,1871835.3924477
2023-02-08,50.6548,51.9472,50.6548,51.4525,2116298.8321653
2023-02-09,51.4525,51.9472,50.7187,51.1973,1433639.7036157
2023-02-10,50.8942,51.0537,49.905,50.6548,1741686.0516975
2023-02-13,50.7984,51.0378,49.8252,50.591,1342074.3485232
2023-02-14,50.8144,51.0537,50.1124,50.7506,1103352.3121751
2023-02-15,50.7984,50.8942,50.3039,50.8942,1184442.7400719
2023-02-16,50.8463,51.4366,50.1124,50.4954,1279689.8640938
2023-02-17,50.4155,50.8144,50.1921,50.4954,1255456.879697
2023-02-20,50.6229,50.7506,50.1124,50.4474,774937.77152802
2023-02-21,50.4474,50.7187,49.6976,50.0964,1235672.8561209
2023-02-22,50.1444,50.1762,49.0595,49.7774,2026741.7146707
2023-02-23,49.8252,51.309,49.7933,51.2133,2043992.2499914
2023-02-24,51.4525,51.7877,49.5381,49.905,2347148.3765569
2023-02-27,49.905,50.4315,49.905,50.2879,1051169.4741696
2023-02-28,50.5591,53.3352,49.9688,53.1756,8018704.6909
2023-03-01,53.1756,53.9254,52.4258,52.8725,5381119.0258972
2023-03-02,52.5215,52.5215,51.3569,51.9791,2760593.3518237
2023-03-03,52.011,52.5056,51.8195,52.3301,1490705.2416484
2023-03-06,52.6491,53.032,52.2503,52.9203,1616834.3464583
2023-03-07,52.4099,52.697,51.8993,51.9312,2283243.2977416
2023-03-08,51.6121,52.0907,51.309,51.9791,1870564.2607846
2023-03-09,51.4525,51.7877,50.6229,50.6389,2024262.1304207
2023-03-10,50.256,50.2879,49.6019,49.8252,2131439.5897849
2023-03-13,50.0964,50.256,46.9694,47.847,4128089.0800262
2023-03-14,47.847,48.0703,46.9375,47.6395,3008238.3814435
2023-03-15,47.7192,47.8629,45.0071,45.0389,4307931.6458797
2023-03-16,45.4697,45.6771,43.1085,44.2891,6360060.8935287
2023-03-17,44.672,45.7569,44.0817,44.2253,6975025.3663228
2023-03-20,43.9541,44.6082,42.582,44.4167,3341548.157933
2023-03-21,44.8315,46.4908,44.8315,46.1398,3239472.7753622
2023-03-22,46.2833,46.5386,45.5974,46.0282,1820803.3422792
2023-03-23,45.8207,46.3792,45.0868,45.9643,1440361.4077353
2023-03-24,45.709,45.8207,44.4167,44.8794,1824140.37629
2023-03-27,45.5016,45.7888,44.5923,45.2942,1184274.760148
2023-03-28,45.7888,45.9962,44.9911,45.4537,2229593.7693557
2023-03-29,45.5176,45.8367,45.0549,45.358,2558933.4531658
2023-03-30,45.5495,46.8258,45.358,46.5546,2349011.1986982
2023-03-31,46.778,47.0173,46.1239,46.4589,2077726.1287414
2023-04-03,47.0333,48.5808,46.9854,47.6874,1948874.2448663
2023-04-04,48.0703,48.2937,47.3044,47.3044,1647603.5049094
2023-04-05,47.3044,47.464,46.2993,47.0492,1688348.6651105
2023-04-06,47.0492,47.3682,46.6663,46.7461,1059955.8270555
2023-04-11,47.1609,48.4532,47.1609,48.2937,2476222.1443614
2023-04-12,48.5808,49.0276,47.6555,48.7563,3659270.9017812
2023-04-13,48.517,48.9796,48.2298,48.7563,3108326.8373023
2023-04-14,48.8999,49.2349,48.5968,48.9318,2576730.55003
2023-04-17,49.219,49.921,48.9159,49.219,2297488.9981547
2023-04-18,49.219,50.0964,48.9318,49.7455,2123234.8987251
2023-04-19,49.4583,49.4583,48.8041,49.2349,1394281.0045776
2023-04-20,49.2349,49.8252,48.7802,48.8999,1926643.2301597
2023-04-21,48.5011,49.179,48.1978,48.9318,2967820.4060195
2023-04-24,48.6606,49.6178,48.0703,49.4742,1959841.8296
2023-04-25,49.554,50.3757,49.4583,49.6417,3360140.0254819
2023-04-26,49.7136,50.6868,49.5779,50.3278,3772203.5539117
2023-04-27,50.3358,51.8514,50.0885,51.5803,3303104.5734058
2023-04-28,51.8514,51.8993,50.1762,50.591,3571943.9058137
2023-05-02,50.3518,51.4685,50.2001,50.248,2531121.4935245
2023-05-04,50.248,50.6948,49.2589,49.3945,2605880.081155
2023-05-05,49.554,50.3518,49.3148,50.2959,1311662.4608058
2023-05-08,50.5113,50.9979,50.1762,50.3836,1689851.7093551
2023-05-09,50.3836,50.3836,49.4503,49.9609,1941674.9261869
2023-05-10,50.4554,50.9181,49.8013,50.1444,2187707.8499698
2023-05-11,50.24,50.7506,49.5859,49.8332,2420535.5460026
2023-05-12,49.7774,50.6948,49.3784,50.4634,3024152.598862
2023-05-15,50.6948,51.2691,50.5671,50.9021,1730427.6360508
2023-05-16,50.8623,51.1654,50.4874,50.6629,1736908.6525182
2023-05-17,50.5751,50.8862,50.0087,50.599,2024050.2751435
2023-05-18,50.7346,51.1415,50.3597,50.607,2006199.2742739
2023-05-19,50.9181,51.4366,50.3916,51.4286,2401600.1971167
2023-05-22,51.3968,51.8913,51.1654,51.5803,1776674.7655508
2023-05-23,51.5403,51.8514,51.0457,51.1256,1816775.5848498
2023-05-24,51.0378,51.8434,50.9501,51.3329,1980285.2370565
2023-05-25,51.3329,51.3409,49.7136,49.913,3021788.344112
2023-05-26,49.8332,51.7637,49.8013,51.668,3101353.1632969
2023-05-29,51.6919,51.8514,51.0217,51.0936,1351720.658333
2023-05-30,50.9261,51.0217,49.9847,49.9847,3205509.4911937
2023-05-31,49.8492,49.8651,47.5437,48.0144,13539931.509156
2023-06-01,48.5091,49.8492,48.4213,49.7614,2474571.1774973
2023-06-02,50.2321,51.0697,50.0805,51.0697,3204989.2548622
2023-06-05,51.1495,52.0508,51.0058,51.2133,2721944.1799269
2023-06-06,51.0058,51.9312,50.7746,51.8754,4088024.6145914
2023-06-07,51.8434,51.9232,51.2053,51.8993,2976699.523938
2023-06-09,52.011,53.1278,51.8434,52.0429,2854436.4645412
2023-06-12,52.0907,52.2343,50.8144,51.0058,2769943.8163943
2023-06-13,51.0457,51.4525,50.8942,51.0058,1995639.1035348
2023-06-14,51.0537,52.354,51.0537,51.8195,3291643.0775525
2023-06-15,51.8514,52.3301,51.2212,52.2901,3171650.2542915
2023-06-16,52.3221,53.4469,52.1386,53.3032,8190927.9882644
2023-06-19,53.056,53.6064,52.657,52.8087,1884422.6045075
2023-06-20,52.6731,53.2555,52.5295,53.1118,1821630.7060835
2023-06-21,52.8884,53.5186,52.8645,53.4469,2804275.6535302
2023-06-22,53.3991,53.6543,53.0161,53.3192,2225503.3328502
2023-06-23,53.1438,53.2873,52.1705,52.3859,1943230.6208554
2023-06-26,52.4976,53.1677,51.9472,52.9363,1312082.4106156
2023-06-27,52.9363,53.3432,51.5483,52.2024,1635433.7354963
2023-06-28,52.5454,52.8247,52.011,52.3939,1169646.7173708
2023-06-29,52.6412,53.0639,52.4258,52.705,1330372.1650178
2023-06-30,52.2503,52.4896,51.0776,51.3808,4645130.0322496
2023-07-03,51.4525,52.4019,51.4525,51.9232,2082161.3001653
2023-07-04,52.0588,52.4099,51.6999,51.8275,1197012.4019904
2023-07-05,51.8275,52.1705,50.7905,50.7905,2160779.6653013
2023-07-06,50.6548,51.0856,50.1444,50.5591,2150415.0532795
2023-07-07,50.6868,51.7797,50.6868,51.6919,2689069.0045192
2023-07-10,51.7318,52.2582,51.5642,52.2582,1333563.7835721
2023-07-11,52.6173,52.8565,52.1386,52.8247,1917757.8443336
2023-07-12,52.8247,53.8856,52.657,53.6064,2647094.0808453
2023-07-13,53.6782,54.2126,53.375,53.5585,1957886.242426
2023-07-14,53.5585,53.8776,53.1038,53.2395,2036429.3926707
2023-07-17,53.0878,54.0132,52.9683,53.3272,1659803.360279
2023-07-18,53.4469,54.093,53.3991,54.093,1903844.3430238
2023-07-19,54.2446,57.0365,54.1089,56.191,4876118.7241901
2023-07-20,55.84,56.9488,55.7602,56.0634,2639848.3796496
2023-07-21,56.0475,56.2708,55.7842,56.0475,1869946.2450944
2023-07-24,56.1432,56.885,56.1432,56.7335,1897075.0028064
2023-07-25,56.861,57.0206,56.1112,56.2149,1817510.1836215
2023-07-26,56.3983,56.7972,55.7602,55.8559,1436621.9740559
2023-07-27,56.2389,56.7574,56.0155,56.3983,1533180.3443495
2023-07-28,56.3983,56.558,56.0155,56.1989,1583525.4318441
2023-07-31,56.3983,57.212,56.3824,57.0285,2355082.294008
2023-08-01,56.9569,57.0046,56.558,56.7175,1302387.2111264
2023-08-02,56.6297,56.6377,55.7284,55.7442,2284253.6844481
2023-08-03,55.7602,55.864,54.8428,55.3454,2161548.1107741
2023-08-04,56.1033,56.4383,55.7204,56.175,1998676.531562
2023-08-07,56.5181,56.5261,55.3932,55.4971,2798159.4292857
2023-08-08,55.521,55.864,54.9305,55.4491,3464515.7301451
2023-08-09,56.3068,56.7052,55.6484,56.2115,3063513.7746618
2023-08-10,56.2201,57.6234,56.1854,57.3895,2581459.5086836
2023-08-11,56.7745,56.9824,55.9255,55.9343,2042534.1454303
2023-08-14,55.9169,55.9516,55.2759,55.5704,1161614.5281787
2023-08-16,55.3365,55.7177,55.0853,55.3192,2840253.304062
2023-08-17,55.3105,55.6137,54.0198,54.4009,1947885.5862994
2023-08-18,54.3143,54.4009,53.1622,54.2017,2270135.1280721
2023-08-21,54.2017,55.8043,54.2017,55.4751,1655171.1510685
2023-08-22,55.6743,56.454,55.3971,55.709,1842710.1310749
2023-08-23,55.5791,56.0122,55.0334,55.5791,1577272.8126107
2023-08-24,54.7475,55.6657,54.0545,55.1459,2091931.7121307
2023-08-25,54.5742,55.094,54.1411,54.1931,1631900.9272002
2023-08-28,54.4009,55.5184,54.2277,55.4404,1245664.6189429
2023-08-29,55.4404,55.5704,54.7301,55.0246,1121886.1446869
2023-08-30,55.0073,55.3365,54.6522,55.0766,981868.84519253
2023-08-31,55.0766,55.3538,54.271,54.6175,4530606.8448931
2023-09-01,54.5742,55.6051,54.5742,55.0593,2459077.8481432
2023-09-04,55.0853,55.4404,54.167,54.167,2195130.8491063
2023-09-05,54.1844,54.4876,53.4567,53.5261,1644573.8370933
2023-09-06,53.5347,53.7945,52.2353,52.4086,2331942.4034036
2023-09-07,52.2613,52.4086,50.3295,50.6414,2803206.5720261
2023-09-08,50.8493,51.1871,50.4854,50.7887,1835833.4209061
2023-09-11,51.1092,51.5423,50.4681,50.6587,1738719.08153
2023-09-12,50.702,51.3691,50.6848,51.2911,2235716.9454829
2023-09-13,51.3344,51.6636,50.9793,51.2045,2278920.0473914
2023-09-14,51.499,52.3046,51.3518,51.8195,2234801.513023
2023-09-15,52.1487,53.015,51.7588,52.3046,5379855.7313268
2023-09-18,52.4086,52.9976,51.4643,51.7243,1730638.3410261
2023-09-19,51.8715,52.0274,50.8407,50.9446,1875655.3101094
2023-09-20,51.0312,51.3604,50.5981,51.343,2045716.8027973
2023-09-21,50.9359,52.1487,50.6587,51.629,2177368.2270871
2023-09-22,51.629,52.9197,51.551,52.6685,3098048.5507925
2023-09-25,52.6685,52.7117,51.6982,51.9494,2053847.1821358
2023-09-26,51.5423,51.6982,50.8926,51.343,1880482.9753647
2023-09-27,51.5423,51.8108,50.4335,50.4854,1688842.4423568
2023-09-28,50.4509,51.0312,50.0697,50.4162,2096466.1619449
2023-09-29,50.6068,51.4384,50.5895,50.8493,1820559.6669622
2023-10-02,50.8666,51.1698,50.0177,50.0177,1908218.3855572
2023-10-03,49.9831,50.4335,49.4979,50.1043,2076429.3886697
2023-10-04,49.9831,50.1996,49.3506,49.5932,2039890.588894
2023-10-05,49.8098,50.3295,48.5191,48.5711,2752411.0372184
2023-10-06,48.5711,48.6663,47.1504,47.2977,3670049.5393198
2023-10-09,47.4709,50.3989,47.3843,50.3295,4686305.398531
2023-10-10,50.6674,52.833,49.8618,52.5645,4356948.2682894
2023-10-11,52.5818,53.6647,52.1054,52.5385,2975911.6212503
2023-10-12,52.8763,53.2575,52.0794,52.4432,1819710.0348177
2023-10-13,52.5472,54.1411,52.4432,53.8465,2904186.9685375
2023-10-16,57.0084,59.4253,56.3413,58.4377,13014980.336981
2023-10-17,58.4377,59.9104,56.5666,57.6061,5587436.1021744
2023-10-18,57.3463,58.1951,56.8785,57.5628,5388808.0374136
2023-10-19,57.173,57.4589,56.0122,57.1643,3085630.761421
2023-10-20,56.6532,57.6234,56.3154,56.6619,2216823.0197933
2023-10-23,56.48,56.8265,55.8996,56.3587,1707925.6882525
2023-10-24,56.35,57.5368,56.35,56.8352,2872392.7178291
2023-10-25,56.8785,57.6927,56.7485,57.0603,1909395.8648877
2023-10-26,56.7918,57.3895,56.4107,57.2596,1992007.5838423
2023-10-27,57.4328,57.8314,57.0517,57.0691,1871821.575936
2023-10-30,57.173,57.866,56.5666,56.8265,2481699.3039882
2023-10-31,57.4069,58.8709,56.9997,57.6061,4194735.4834137
2023-11-02,58.4723,58.5503,57.0691,57.0691,3204874.7858628
2023-11-03,57.173,57.3895,56.2374,56.7918,2652328.7572944
2023-11-06,57.6061,57.892,57.1297,57.303,2287453.3093635
2023-11-07,57.0864,57.173,56.3241,56.3933,1683826.6112869
2023-11-08,56.2027,56.5839,55.2673,55.2673,2341507.6913772
2023-11-09,55.2932,55.7437,54.1844,54.7907,2411648.5189512
2023-11-10,54.7734,54.912,53.7426,53.8465,1949993.5051794
2023-11-13,54.2017,54.5395,53.4134,53.578,1810661.9142364
2023-11-14,53.76,55.8216,53.7166,55.6743,2391999.6212202
2023-11-15,56.3068,56.48,54.5395,54.7734,2742864.2195088
2023-11-16,54.834,55.1286,54.2017,54.2277,2532381.7084288
2023-11-17,54.2277,54.349,53.5606,53.9331,2506525.6475992
2023-11-20,53.9678,55.787,53.9678,55.3538,1742954.5439455
2023-11-21,55.5444,55.8563,54.834,55.4838,1936966.1970956
2023-11-22,55.4404,55.6051,54.0804,54.5829,1948208.8159195
2023-11-23,54.8514,55.1199,54.3317,54.6348,1589238.080514
2023-11-24,54.5742,55.7177,54.5742,55.6137,1386044.3973685
2023-11-27,55.6137,55.6137,55.0073,55.3279,1729911.0743807
2023-11-28,55.2673,56.4453,55.1893,56.0555,2264835.316693
2023-11-29,54.375,54.4876,50.5895,51.629,14265108.987857
2023-11-30,51.8975,53.015,51.1265,51.1438,7366594.6723605
2023-12-01,51.1958,52.5818,50.7713,52.4952,2750417.403097
2023-12-04,52.4605,52.6685,51.7155,51.9321,1739624.1244664
2023-12-05,51.8022,52.7291,51.7155,52.2613,2051608.8170162
2023-12-06,52.4779,53.422,52.2353,53.1102,4027701.9596317
2023-12-07,53.093,53.093,52.2007,52.5472,1626127.8153059
2023-12-08,52.8417,54.6868,52.8417,53.7166,4110900.1094686
2023-12-11,53.7512,55.042,53.7512,54.8948,2439005.2887315
2023-12-12,55.3365,55.5444,53.9939,54.271,3101834.9549143
2023-12-13,54.1411,54.8514,53.9072,54.0545,2133621.4067819
2023-12-14,54.5742,54.8687,53.8725,53.8725,2264867.6396551
2023-12-15,54.3576,55.1459,53.8986,53.9159,13070434.995885
2023-12-18,54.0025,54.7042,53.9245,54.5656,2031081.4273532
2023-12-19,54.5656,55.1632,54.1064,54.6954,2306650.8400178
2023-12-20,55.1373,55.4404,54.3317,54.3317,1783850.0172444
2023-12-21,54.297,55.6137,54.1064,55.6137,3468500.8640626
2023-12-22,55.657,56.0035,55.4404,55.839,1524418.9977576
2023-12-27,55.8476,56.7918,55.657,56.6966,3260583.4108968
2023-12-28,56.8005,57.7274,56.7399,57.2683,3210931.8780662
2023-12-29,57.303,58.1865,56.7399,56.7399,3628100.106581
2024-01-02,57.1036,57.8486,56.1941,56.7399,2065050.5516487
2024-01-03,56.7138,56.7225,55.1286,56.0035,2247778.0278808
2024-01-04,56.0208,56.7052,55.7437,55.7437,2244582.6722072
2024-01-05,55.4665,56.0035,54.9727,55.709,1915891.6258614
2024-01-08,55.4665,55.5963,54.1498,54.6609,2447264.959918
2024-01-09,55.3018,55.3279,54.6868,54.6954,1363915.8666943
2024-01-10,54.5656,54.9467,54.1931,54.1931,1363918.1754773
2024-01-11,54.4096,54.4962,53.5347,53.5347,1836344.8163408
2024-01-12,53.6214,54.2017,53.2748,53.4047,1231763.4364932
2024-01-15,53.4914,53.7253,52.5472,52.7031,1324839.7144003
2024-01-16,52.4519,53.0496,52.1054,52.4605,1196338.6245155
2024-01-17,52.2786,52.3999,50.676,50.7627,3283454.2153059
2024-01-18,51.1092,51.6029,50.5028,51.1092,3356170.4903177
2024-01-19,51.6896,52.2093,51.5423,51.9235,2127082.9333228
2024-01-22,52.3133,52.4866,51.8282,51.9841,1423498.6296041
2024-01-23,52.296,52.3825,51.5337,52.0188,2078491.1318897
2024-01-24,52.4779,53.0583,52.0274,52.5905,1612920.422148
2024-01-25,52.755,52.9889,52.244,52.3825,1165740.3234017
2024-01-26,52.296,52.9283,51.8802,52.8591,1485219.3255731
2024-01-29,52.8591,54.0284,52.8417,53.9678,3171223.11923
2024-01-30,53.9851,54.1325,53.4134,53.708,3180905.0007452
2024-01-31,53.708,54.4529,53.5867,54.2797,1693735.9079277
2024-02-01,54.0978,56.9997,53.7512,56.7832,5372967.4772429
2024-02-02,56.965,57.5628,56.48,56.9997,3177545.7214786
2024-02-05,56.9997,57.7274,56.3068,56.6705,3548368.5944203
2024-02-06,56.7485,57.4589,56.5493,57.0344,1889105.1254824
2024-02-07,57.0864,57.5628,56.7399,57.0603,1665452.1617725
2024-02-08,57.0603,57.173,56.4453,56.8871,2070415.0089518
2024-02-09,56.9305,57.4242,56.7399,57.2163,2304925.0247245
2024-02-12,57.3463,58.3425,57.0171,57.9959,4652006.1182664
2024-02-13,58.0392,58.7149,57.1124,57.2596,2555586.1319815
2024-02-14,57.5541,58.0392,57.0691,57.9526,1203617.0629265
2024-02-15,58.0392,58.429,57.6061,58.0392,2183773.9455237
2024-02-16,58.1259,59.0354,58.1259,58.7582,2159274.2947074
2024-02-19,58.7669,59.6591,58.3164,58.6196,2027831.8152791
2024-02-20,58.5936,58.9488,58.1259,58.8103,2795102.7436921
2024-02-21,58.9488,59.1654,58.2818,58.5676,2167777.5425005
2024-02-22,58.9055,59.304,56.5406,57.2683,5611760.2854827
2024-02-23,57.2683,58.0133,56.7918,57.2769,2522737.9218331
2024-02-26,57.3289,57.6321,56.6532,56.7052,2610277.7381035
2024-02-27,56.7052,57.7534,56.5666,57.1556,2652125.5843903
2024-02-28,57.173,57.3289,55.3105,55.3365,2561624.7539209
2024-02-29,55.5791,55.787,53.63,53.6906,6074122.9412444
2024-03-01,54.1931,55.0073,53.8986,54.6954,1410103.0706317
2024-03-04,55.1286,55.4404,53.6386,53.7512,1447561.9204333
2024-03-05,53.5347,53.8119,52.6685,53.5434,2227161.7500723
2024-03-06,53.708,54.7995,53.6906,54.5395,1638060.7602472
2024-03-07,54.219,54.7475,53.578,53.9245,1237490.3727275
2024-03-08,53.9331,54.7215,53.9159,54.5915,2051997.8469519
2024-03-11,54.5482,54.6782,53.708,54.0198,1214679.5966764
2024-03-12,54.3836,54.4009,53.5173,54.2623,2684156.4853563
2024-03-13,54.297,54.323,53.1275,54.0371,3331093.643751
2024-03-14,54.1411,55.6484,54.1411,55.1893,2574697.0832733
2024-03-15,55.2673,56.1594,54.6089,55.4838,9951690.5142708
2024-03-18,55.787,55.8736,54.271,54.7301,1887135.7335824
2024-03-19,54.7388,55.4145,53.7945,54.8774,1729323.4891069
2024-03-20,55.016,55.016,53.8465,54.0978,1159996.0712949
2024-03-21,54.5223,54.8168,54.245,54.3663,920681.47809687
2024-03-22,54.3663,54.6609,53.9939,54.4356,670091.94311288
2024-03-25,54.4356,54.7128,53.8379,54.0371,692535.62266676
2024-03-26,54.0545,55.9429,53.9765,55.9429,3296503.4568282
2024-03-27,55.8736,56.2027,55.1979,55.1979,1663089.1223708
2024-03-28,54.1411,56.8697,53.9159,56.376,3237015.3540214
2024-04-02,56.5666,59.0874,56.558,57.3289,6673823.5538276
2024-04-03,57.5368,58.559,57.4328,58.5503,2607110.087826
2024-04-04,58.7062,59.0874,58.5503,58.8622,2201874.8042525
2024-04-05,58.4723,58.9921,58.0392,58.9228,1493831.0861672
2024-04-08,58.7495,60.1096,58.6803,59.9104,2226691.9127316
2024-04-09,59.945,61.4177,59.3387,59.8757,4870563.5978929
2024-04-10,60.1876,61.0452,59.8843,60.3868,2814735.4799422
2024-04-11,59.5985,60.6293,59.0787,59.0787,2818037.0396338
2024-04-12,59.1654,59.893,57.6234,58.7756,3128953.9200455
2024-04-15,58.7323,60.1096,58.6976,59.5985,2693597.0990479
2024-04-16,58.9055,59.3299,56.7052,56.9391,4370847.1419561
2024-04-17,57.0864,58.8189,56.8525,58.4984,2485516.8766805
2024-04-18,58.6803,58.7323,57.3375,58.0825,2070161.0428217
2024-04-19,57.6754,58.9834,57.6494,58.6023,2358929.7679037
2024-04-22,58.6976,59.3387,58.0479,59.2867,2094127.3647648
2024-04-23,59.3213,59.6418,58.4897,58.6456,1428231.6347564
2024-04-24,59.226,59.5638,57.9526,57.9526,1869523.1824584
2024-04-25,58.1086,58.6629,57.5368,57.7794,1255607.3929372
2024-04-26,58.1259,58.7409,58.1259,58.3164,744439.37331492
2024-04-29,58.3164,59.0354,57.6927,59.0095,1075948.2893136
2024-04-30,59.0181,59.0614,57.5541,57.5541,1672398.1354313
2024-05-02,57.5541,57.5541,56.6186,57.2856,1392668.2957987
2024-05-06,57.6061,58.9661,57.303,58.7842,1502430.1484549
2024-05-07,58.8535,59.4945,58.2818,58.3164,1257672.5993318
2024-05-08,58.3164,58.7756,57.788,58.7756,1367925.0683757
2024-05-09,58.8015,59.4599,58.3337,58.5417,1250300.6552092
2024-05-10,58.7669,59.7024,58.7409,59.2,2259160.3280763
2024-05-13,59.2867,59.6071,58.8448,59.3213,948045.17422614
2024-05-14,59.3387,60.3262,59.0181,59.8237,1460633.0953942
2024-05-15,59.945,60.5513,59.1654,59.8497,1535687.0131945
2024-05-16,60.0316,60.2829,59.4945,60.1788,1365765.2018782
2024-05-17,60.2049,61.2271,59.7718,61.2271,2176497.8158957
2024-05-20,61.2444,63.0462,61.2271,62.8036,3259574.4727253
2024-05-21,62.6131,63.7479,62.1973,63.1762,2917647.173434
2024-05-22,63.1501,63.6093,62.769,62.9162,1665789.2440906
2024-05-23,61.8508,61.8508,57.6061,57.9786,7654728.4821172
2024-05-24,57.7794,58.0392,56.2374,56.4713,4876846.9508304
2024-05-27,56.7138,58.1086,56.6966,56.9564,2015379.3941626
2024-05-28,57.173,57.4761,56.0035,56.2461,2671393.5329262
2024-05-29,56.2547,56.5926,54.4096,54.7907,3675297.4030814
2024-05-31,55.0073,56.0122,54.8428,55.0679,5460502.6759474
2024-06-03,55.6657,56.1508,55.2152,55.3798,1565718.5080816
2024-06-04,55.3798,55.3885,54.2364,54.2364,2870666.9025358
2024-06-05,54.4009,54.7561,54.0804,54.2623,2556249.9070943
2024-06-06,54.8948,55.1632,54.375,55.1632,1164791.4135882
2024-06-07,55.2239,55.4838,54.5482,54.6522,1375981.5666581
2024-06-10,54.6609,54.9381,54.0631,54.834,1421050.1652315
2024-06-11,54.8428,55.1632,53.9505,53.9505,2070133.3374257
2024-06-12,54.0978,54.6175,53.4481,54.1064,2401970.1006105
2024-06-13,54.1064,54.4876,53.682,53.9245,1749976.7074434
2024-06-14,53.9245,55.0073,53.9245,54.964,2112198.2093145
2024-06-17,54.9727,56.0468,54.7648,55.8563,1615467.0097982
2024-06-18,55.9862,56.376,55.631,55.761,2299280.0502867
2024-06-19,55.8736,56.9997,55.8736,56.8697,1547048.534343
2024-06-20,56.8697,57.3202,56.4107,56.9564,1864064.0650522
2024-06-21,57.0864,57.3463,56.48,56.7225,6523243.5721031
2024-06-24,56.7225,58.429,56.7052,58.1951,3100259.2105161
2024-06-25,58.1951,58.9921,57.9353,58.6283,2858964.8358946
2024-06-26,58.6456,59.1654,58.1605,58.2731,3789956.184483
2024-06-27,58.2731,58.7149,58.1519,58.585,1677693.3292444
2024-06-28,58.6456,58.9748,58.4117,58.637,2690132.7701547
2024-07-01,58.4723,59.4512,58.4031,58.8103,2297976.7422826
2024-07-02,58.8103,59.1567,58.0998,59.0874,1284505.2753708
2024-07-03,59.3387,59.8151,59.1134,59.6071,1682963.1264444
2024-07-04,59.6851,59.919,59.3646,59.8497,1224356.8606256
2024-07-05,59.5552,59.7718,58.1432,58.6803,1190361.1853256
2024-07-08,58.8448,58.9055,58.0392,58.4897,1322218.0913025
2024-07-09,58.3858,58.3858,57.5108,57.9353,2370751.8912609
2024-07-10,57.9353,58.0306,56.9997,56.9997,1978221.8405426
2024-07-11,57.173,58.0306,56.9477,57.97,1889103.9710909
2024-07-12,57.97,58.6456,57.5281,58.3164,1125764.9001288
2024-07-15,58.2125,58.2991,57.6234,58.2298,1143294.3350648
2024-07-16,58.2298,58.2298,55.9862,56.3068,2800040.07614
2024-07-17,56.3933,56.6532,55.1286,55.9949,2825824.5646965
2024-07-18,56.3068,56.8785,55.709,56.454,1969161.0216547
2024-07-19,56.3068,56.7138,55.8476,56.4627,927478.53525216
2024-07-22,56.4973,56.7312,55.735,55.8823,1151923.4115315
2024-07-23,55.8823,56.0208,54.7995,55.4232,2403470.8095613
2024-07-24,55.0073,55.3885,54.6609,54.6609,1957748.7072802
2024-07-25,54.5742,55.3018,54.4009,55.3018,2280516.5708367
2024-07-26,55.4404,55.7177,55.0766,55.2239,959899.62054538
2024-07-29,55.8736,56.1248,55.3538,55.6917,863941.98145286
2024-07-30,55.7004,55.9516,54.7648,54.7648,1082339.0006607
2024-07-31,55.2412,56.0815,55.0246,56.0208,2328104.0516642
2024-08-01,56.0815,56.0815,54.886,54.9034,1106073.2899123
2024-08-02,54.7475,55.1026,54.4703,54.9207,1323384.0267181
2024-08-05,53.708,53.7512,51.8888,52.9283,3597104.694791
2024-08-06,53.4481,54.0371,52.7291,53.1795,2156499.13754
2024-08-07,53.708,53.708,52.755,52.9456,1578744.6617739
2024-08-08,52.9976,53.9678,52.3479,53.9159,1594753.7631037
2024-08-09,54.297,54.6435,52.9803,53.3268,1333449.1662115
2024-08-12,54.9207,55.9429,54.4356,55.9255,2243511.3968947
2024-08-13,56.2374,56.298,54.8948,55.1893,1561619.2638631
2024-08-14,55.2673,55.5791,54.349,54.5568,1508401.8156873
2024-08-16,55.4318,55.7004,55.1026,55.4665,1735270.9141178
2024-08-19,55.5271,56.4713,55.1893,55.9429,1403565.751564
2024-08-20,55.9429,56.1161,54.7821,54.8428,1194320.7481725
2024-08-21,54.8428,55.3971,54.5915,55.3365,1079127.4835062
2024-08-22,54.4009,54.9207,53.4741,53.7339,2962299.0366757
2024-08-23,54.167,54.99,53.9765,54.6262,1184890.5240045
2024-08-26,54.6609,55.1979,54.245,54.8948,1121509.8130577
2024-08-27,54.8948,55.1199,54.5136,54.9727,1405404.6972244
2024-08-28,54.9727,55.1632,54.4356,54.7042,1490302.11135
2024-08-29,54.7042,55.631,54.7042,55.3798,1831798.8226116
2024-08-30,55.3971,56.1335,55.2673,55.735,3245812.9716472
2024-09-02,55.5618,57.3116,55.4232,57.121,2099655.745661
2024-09-03,57.121,57.1643,55.5877,55.9343,2109240.6582901
2024-09-04,55.0073,55.735,54.8428,55.2759,1615325.0196436
2024-09-05,55.2759,55.3279,53.8465,53.8812,2055740.3841967
2024-09-06,54.2277,54.3143,52.9889,53.015,1834130.6934427
2024-09-09,53.422,53.6993,53.1016,53.1969,1785956.7817329
2024-09-10,53.4481,53.5261,52.5732,52.6858,1415626.8339618
2024-09-11,52.937,53.1536,52.0967,52.2093,3217635.42951
2024-09-12,52.4605,53.2748,51.8195,51.8195,2892966.2831521
2024-09-13,51.9668,52.7464,51.8888,52.6425,2185463.9746806
2024-09-16,52.8417,53.1795,52.3393,52.5818,2290460.4992225
2024-09-17,52.8417,53.4827,52.5472,53.093,2116282.4464435
2024-09-18,53.422,53.5173,52.6771,52.7377,2669509.5659972
2024-09-19,53.9091,54.5412,53.2304,53.2304,3341165.7819812
2024-09-20,53.5465,53.8905,52.0591,52.1707,7752729.6646431
2024-09-23,52.9887,53.1561,52.0219,52.3194,1634842.7509452
2024-09-24,52.9701,54.0392,52.8307,53.4536,2323190.8561681
2024-09-25,53.6209,53.6395,52.8307,53.1375,2018096.4549571
2024-09-26,53.5465,53.6023,51.4642,51.6315,4266314.232397
2024-09-27,51.8732,52.8679,51.8732,52.8679,2095783.5253582
2024-09-30,52.9609,53.0817,51.8267,51.9383,2553995.2482951
2024-10-01,52.2079,53.0817,51.3154,53.0166,2869833.7433744
2024-10-02,52.9887,54.755,52.8958,54.4761,2593340.0598015
2024-10-03,54.3739,54.4576,53.2211,53.4071,1292721.6722172
2024-10-04,53.9184,54.3832,53.6023,53.6395,1433577.0870544
2024-10-07,53.5465,53.7882,51.678,52.0405,2428279.2384542
2024-10-08,52.0591,52.3008,51.1388,51.3154,2096047.0719139
2024-10-09,51.3154,51.9383,51.1946,51.7895,1960960.6373947
2024-10-10,51.9662,52.0219,51.2224,51.5013,1945373.741104
2024-10-11,51.8453,52.2357,51.5013,51.7616,1323324.267978
2024-10-14,52.1986,52.245,51.3154,51.3154,1413197.9462519
2024-10-15,51.3154,51.5943,50.2649,50.8878,2977766.2770609
2024-10-16,50.99,51.0551,50.0697,50.581,7597065.0847794
2024-10-17,50.581,50.7019,49.67,49.7815,1719368.0476901
2024-10-18,49.9767,50.4787,49.6421,49.6421,1537326.2225577
2024-10-21,49.6421,50.3672,49.3818,49.9489,1822027.4988633
2024-10-22,50.1999,50.1999,48.8054,49.0564,2125360.9788026
2024-10-23,49.1959,49.2888,48.4615,49.0564,1876330.9977278
2024-10-24,49.233,49.9953,48.9913,49.3446,1548624.3020429
2024-10-25,49.3446,50.2742,49.0471,50.0325,1392397.1309605
2024-10-28,50.0232,50.1069,49.3074,49.7629,1063785.7713846
2024-10-29,49.9675,49.9675,48.9449,49.233,2044036.9659336
2024-10-30,49.0843,49.3446,48.5079,48.7032,1954857.1143061
2024-10-31,48.48,48.5079,47.8293,48.4243,1870528.6707028
2024-11-04,48.7218,49.1401,48.4243,48.8333,1532027.323239
2024-11-05,49.0471,49.0657,48.2198,48.4336,1938953.9621487
2024-11-06,48.9913,49.0657,48.0524,48.229,2300395.6926556
2024-11-07,48.5265,50.5438,48.3406,49.921,4939368.031791
2024-11-08,50.1255,50.1255,48.6939,48.8984,2268010.6616185
2024-11-12,48.8984,49.3632,46.8067,46.8439,3896056.0628287
2024-11-13,47.318,47.82,46.4767,47.2622,2878622.2142298
2024-11-14,48.3406,49.4283,47.9223,49.3632,3852063.150641
2024-11-15,49.2702,49.4097,48.6846,49.0657,1780094.5526105
2024-11-18,49.0657,49.6421,48.4615,49.6421,2047600.760786
2024-11-19,49.7443,49.9767,46.7324,48.0803,2991386.7933365
2024-11-20,48.1733,48.6195,47.4017,47.6248,2138615.7570009
2024-11-21,47.6992,49.0378,47.1507,48.5637,2736601.8160467
2024-11-22,48.982,48.982,47.7456,48.1826,1867637.1884924
2024-11-25,48.6009,48.8519,48.0989,48.2476,3560720.5011332
2024-11-26,48.4708,48.8705,48.0896,48.3871,1540532.8849347
2024-11-27,48.3406,48.6195,47.5318,47.6806,1680547.1021942
2024-11-28,47.8107,48.0803,47.3831,47.6155,909484.10370874
2024-11-29,47.4296,47.9502,47.318,47.4296,1245178.9492801
2024-12-02,47.411,48.3406,47.3738,48.1268,1774506.2899307
2024-12-03,48.2569,48.3406,47.4668,47.7178,2146757.7320198
2024-12-04,47.9502,48.48,47.6248,48.0245,1620024.9803169
2024-12-05,48.1547,49.0378,47.6992,48.7496,1606192.5510966
2024-12-06,48.8054,49.4097,48.3406,48.4708,1555557.1900066
2024-12-09,48.7589,49.4562,48.4243,49.3446,1895242.8834204
2024-12-10,49.2795,49.8187,49.1029,49.4748,2032324.7418609
2024-12-11,47.8758,49.2609,46.4814,46.565,6336743.5034025
2024-12-12,47.0763,47.4017,44.4919,45.4309,6237734.9788
2024-12-13,45.733,46.1141,45.4913,45.7376,4005935.6139263
2024-12-16,45.7376,45.9236,44.7337,44.887,3518303.4897782
2024-12-17,44.8824,45.0172,42.8744,43.0603,6826465.7130918
2024-12-18,42.9488,43.553,42.8744,43.2602,6768732.8819034
2024-12-19,43.051,44.055,42.2004,43.7529,5233185.8675213
2024-12-20,43.6832,43.9063,43.2881,43.567,7332044.8198288
2024-12-23,43.8412,44.7615,43.237,43.237,4540569.3837973
2024-12-27,43.6692,43.897,43.237,43.5995,1820530.1241472
2024-12-30,43.6925,43.9528,43.3625,43.8784,2232403.9084013
2025-01-02,44.3664,46.2025,44.3664,45.8957,4210518.7373175
2025-01-03,46.3419,46.3419,45.7191,45.7841,1947649.9227845
2025-01-07,46.4814,46.7138,45.9236,46.4302,3532424.2066594
2025-01-08,46.5836,46.6115,45.9654,46.4814,3023812.7009822
2025-01-09,46.6208,47.411,44.6267,46.2815,5586508.2127141
2025-01-10,46.3419,47.4575,46.2768,46.7231,3772763.6055994
2025-01-13,46.8346,47.1693,46.2722,46.6766,2923492.8978028
2025-01-14,46.909,47.411,46.7974,46.8997,3157309.2505658
2025-01-15,47.067,48.0617,46.9555,47.9595,2457618.9621483
2025-01-16,48.3313,48.3592,47.5504,47.8758,1855500.06283
2025-01-17,48.0617,48.9449,47.7456,48.8054,2637485.7214215
2025-01-20,49.1959,49.577,49.0099,49.2795,2985286.4973486
2025-01-21,49.5584,49.5863,48.7961,49.2981,2401595.4186207
2025-01-22,49.4562,49.735,49.0843,49.0843,3707951.5912164
2025-01-23,49.3446,49.3446,48.3964,49.2702,2501586.0575306
2025-01-24,49.2702,49.4283,48.8519,48.9913,1907868.3769859
2025-01-27,48.6939,48.7125,47.7363,48.6195,3145984.2785748
2025-01-28,48.7682,49.0843,48.5265,48.7032,2000400.1105211
2025-01-29,48.9913,49.1773,48.3406,48.6195,1622664.7486742
2025-01-30,48.666,49.6607,48.666,49.6607,1753778.6222548
2025-01-31,49.7257,50.0883,49.4004,50.0046,2208368.462527
2025-02-03,48.3778,49.419,48.164,49.2423,2560781.8410279
2025-02-04,49.5026,50.4044,48.9913,50.4044,2283843.8932612
2025-02-05,50.4787,51.3712,50.423,50.99,3136931.1854636
2025-02-06,51.176,51.929,51.0272,51.743,2268471.0613157
2025-02-07,51.9662,52.6169,51.4827,52.1893,2500706.1347448
2025-02-10,52.245,53.1747,52.245,52.6727,2828396.6949263
2025-02-11,52.8958,53.5837,52.682,53.4164,2207553.0817548
2025-02-12,53.7138,53.7975,52.0684,53.0352,3164425.007568
2025-02-13,52.9887,53.4536,52.431,53.3513,2839401.1082495
2025-02-14,53.4536,53.8626,53.0166,53.5372,2570401.8281589
2025-02-17,53.5372,54.4483,53.3978,54.1415,2065903.8001501
2025-02-18,54.2902,56.7072,54.2902,56.7072,5511084.4155908
2025-02-19,57.2929,57.8135,55.6847,56.512,5251382.4125629
2025-02-20,56.2517,56.5027,55.7869,55.8892,3451578.8803915
2025-02-21,55.8706,56.4005,55.5917,56.1216,1989043.9432236
2025-02-24,56.0937,56.2424,55.3779,55.6847,2759399.1309596
2025-02-25,55.6475,57.0512,55.4058,56.3819,2962908.7055242
2025-02-26,56.7072,57.5439,56.7072,57.4417,4676939.1286874
2025-02-27,58.5758,60.0632,58.3341,58.4921,8630211.6865956
2025-02-28,57.9158,59.0592,57.2185,58.2876,5704806.193789
2025-03-03,57.7019,59.6263,57.2743,59.6077,3132401.4118073
2025-03-04,59.0313,59.1336,57.7856,57.7856,3938651.6404214
2025-03-05,58.9941,59.7285,58.5665,58.8175,3259274.8750926
2025-03-06,59.0313,59.775,58.7059,59.6821,2674938.3762284
2025-03-07,58.9941,59.9238,58.7989,59.9238,2686555.9386811
2025-03-10,59.8866,60.2398,59.3567,60.2398,4100008.8258869
2025-03-11,60.1933,61.6343,60.1933,60.6861,4245903.896288
2025-03-12,61.5413,61.8109,60.6953,61.5134,3122010.1476135
2025-03-13,61.5878,62.1828,61.2717,61.941,3065124.968204
2025-03-14,61.9132,62.694,61.5692,62.6476,4123212.7554857
2025-03-17,62.6569,63.2053,62.0805,62.8986,2945868.5382267
2025-03-18,63.1124,63.9397,62.9079,63.5865,3725153.113548
2025-03-19,63.1682,63.8003,63.0473,63.4563,2742321.3141542
2025-03-20,63.4563,63.8375,62.7498,63.4749,2319724.9500364
2025-03-21,63.4749,63.7817,63.0287,63.4006,7638919.5049157
2025-03-24,63.6795,64.8229,63.5865,64.4696,5238332.0174077
2025-03-25,64.544,65.0739,64.1443,64.9809,3780663.5480672
2025-03-26,65.0739,66.2824,64.6091,65.1762,2553771.5026479
2025-03-27,64.795,65.2691,64.0141,64.9252,2743826.2187719
2025-03-28,64.795,65.1947,64.0234,64.1814,2018418.089325
2025-03-31,63.6609,63.7724,62.192,63.2704,3738680.0439038
2025-04-01,62.5918,64.7485,62.4709,64.0978,3024875.4928066
2025-04-02,63.9119,64.5161,63.6609,64.2744,2963447.631338
2025-04-03,63.3169,64.9437,61.7272,62.034,3940089.8516251
2025-04-04,61.2624,61.3554,58.7524,59.6728,6305614.8902307
2025-04-07,55.5731,60.0632,53.4536,59.5054,7787551.1566945
2025-04-08,59.8215,60.4351,57.7763,59.1986,5183608.9954547
2025-04-09,57.6648,58.8733,57.014,57.6741,3729284.8781203
2025-04-10,62.285,62.4709,58.7338,59.775,4178781.2778172
2025-04-11,59.775,60.6117,59.4961,59.9052,2467698.2732763
2025-04-14,60.5187,60.8906,60.0725,60.4258,2607836.1960619
2025-04-15,60.4258,60.6861,58.2597,58.613,4053701.0068105
2025-04-16,58.3992,59.4589,57.9529,59.366,2526683.2195291
2025-04-17,59.3102,59.9424,59.1057,59.2172,1762033.5457975
2025-04-22,59.4032,61.3368,59.4032,61.3368,5118686.1839483
2025-04-23,62.1828,62.5081,61.6157,62.3687,3629857.9061294
2025-04-24,62.1549,63.4935,61.783,63.4935,3926545.7100656
2025-04-25,63.4935,64.3581,63.447,63.9583,3349871.4239192
2025-04-28,63.9583,64.5905,63.949,64.4417,2806679.3830414
2025-04-29,64.4417,64.5626,63.6051,63.8933,2204750.8826633
2025-04-30,64.0606,64.3023,62.8242,63.4285,3017675.8311866
2025-05-02,63.9583,64.4789,63.54,64.2,2144155.6131705
2025-05-05,63.9119,64.135,63.1682,63.9769,1409081.2414828
2025-05-06,63.8654,64.4417,62.285,64.4417,3810409.8864472
2025-05-07,64.4417,65.4922,64.2,65.0181,3014653.1135484
2025-05-08,64.9623,65.4643,64.795,65.2412,2741409.1203616
2025-05-09,65.2598,67.4537,65.2598,67.1841,6936216.1801621
2025-05-12,67.398,68.309,66.7751,67.398,2536488.2270991
2025-05-13,67.398,68.0487,66.9982,67.8628,2721097.7486735
2025-05-14,67.9557,68.4577,67.0819,67.7233,2887408.5336848
2025-05-15,67.556,67.556,66.208,66.6543,2230421.3928828
2025-05-16,66.6543,67.7233,66.6543,67.2957,2415123.4246767
2025-05-19,66.3754,67.2027,65.39,67.147,3948975.1355009
2025-05-20,67.2957,67.9929,66.9424,67.8535,2906576.4360315
2025-05-21,67.5002,67.6676,66.3754,66.6357,2694080.4617697
2025-05-22,67.463,67.5281,65.2598,65.5573,3160771.9295968
2025-05-23,65.5387,66.394,64.3302,65.5852,2612643.5003768
2025-05-26,66.4404,66.8402,66.1616,66.8402,1864021.7600291
2025-05-27,66.8402,67.4909,66.2359,67.4909,3689859.3890968
2025-05-28,67.398,69.3688,67.1841,69.3037,6604862.8607074
2025-05-29,69.4338,70.159,67.0354,67.5188,3648765.4890212
2025-05-30,67.5839,68.3648,66.7472,68.3648,7733297.1400405
2025-06-02,66.7472,69.3409,66.4311,68.7831,3856288.5011331
2025-06-03,68.6994,69.1364,66.8123,69.0713,2900972.0378483
2025-06-04,68.4113,70.4192,68.3648,69.908,5681900.2331531
2025-06-05,69.908,70.1868,68.8482,69.5361,2708495.920513
2025-06-06,69.406,69.4896,67.8628,68.5321,3583083.2331544
2025-06-09,68.5321,69.4431,68.4298,69.3967,3553045.3800129
2025-06-10,69.3967,72.325,69.3037,72.325,6313843.996968
2025-06-11,72.0461,72.3901,70.6052,71.4511,2536408.6252823
2025-06-12,71.3954,72.2692,70.6981,72.1019,2893548.6305811
2025-06-13,71.5813,72.0461,71.0142,71.8416,2833420.2149869
2025-06-16,71.7672,74.1656,71.7579,73.0873,3297843.031035
2025-06-17,72.7898,75.8762,72.6689,75.8762,5385002.6676726
2025-06-18,75.7646,76.7872,75.2719,75.839,2862619.0219513
2025-06-20,75.8762,77.1405,75.4857,76.9731,6515809.9417067
2025-06-23,76.9731,77.9027,76.406,77.3636,2543428.6449643
2025-06-24,76.7872,77.0661,74.3795,76.7035,4725101.4549554
2025-06-25,76.7872,77.6239,75.5415,76.2015,2846192.0037832
2025-06-26,76.1365,77.0847,75.5973,76.8895,2406742.6442074
2025-06-27,76.9266,77.1776,75.1139,75.8669,2338606.7161227
2025-06-30,76.2294,76.9917,75.6066,76.3224,2942832.9121859
2025-07-01,76.2294,77.0754,75.8669,76.6756,3996102.6381504
2025-07-02,76.6756,77.8749,76.406,77.8284,3373421.7289911
2025-07-03,77.9027,78.9811,77.9027,78.2374,2646364.551096
2025-07-04,78.2374,78.5535,77.5402,78.5442,1530153.4534434
2025-07-07,78.5442,78.8231,77.7633,78.4977,1611695.8334585
2025-07-08,78.4977,79.8921,78.4977,79.8271,3343258.0189229
2025-07-09,79.5761,81.4818,79.5203,79.8085,6499228.022706
2025-07-10,79.8085,80.8218,78.6,79.0183,3356916.1847064
2025-07-11,80.2268,80.8404,79.2042,80.8404,1859746.9273266
2025-07-14,80.7846,82.0117,80.3198,81.9931,3411679.0075679
2025-07-15,82.179,82.681,81.0635,81.3424,2290800.4466299
2025-07-16,81.3424,81.7142,80.7288,81.3424,1357440.1006804
2025-07-17,81.3424,81.4353,79.102,80.4313,2403672.5957593
2025-07-18,80.6451,81.8537,80.5057,81.2587,1968363.6063576
2025-07-21,81.268,82.0489,80.2826,80.7939,1758098.6343668
2025-07-22,80.7567,80.7846,79.5575,80.5894,1723795.6298248
2025-07-23,80.7846,81.2494,79.0276,79.6969,2662821.6888704
2025-07-24,79.6226,80.0874,78.2002,79.0183,2561206.7426176
2025-07-25,78.6464,78.8231,76.7872,77.3543,3300146.1052212
2025-07-28,77.3914,78.8696,76.8802,77.8284,1890698.049961
2025-07-29,77.6053,79.9293,77.5681,78.851,2629524.4640407
2025-07-30,79.0183,79.2786,78.2188,78.758,1839641.0143819
2025-07-31,78.758,79.0369,77.6239,77.7726,2364159.9750174
2025-08-01,77.7726,77.7726,75.8948,76.6477,3696514.7464019
2025-08-04,76.6199,77.2892,76.1365,77.0475,1910972.8478413
2025-08-05,77.4844,77.9213,76.4432,76.8058,2604988.8175608
2025-08-06,76.9731,78.414,76.3967,78.3954,4520109.5654778
2025-08-07,78.3954,78.7301,76.8987,76.8987,2382834.1309599
2025-08-08,77.0661,78.0701,77.0103,77.9864,2054247.5124892
2025-08-11,78.0887,78.8881,77.7819,77.7912,2713486.0938666
2025-08-12,78.0887,79.26,78.0608,79.26,3647350.9432225
2025-08-13,80.2,80.78,78.1,78.56,3486291
2025-08-14,78.95,79.38,77.3,78.14,1460963
2025-08-18,78,78.98,76.54,78.95,2265064
2025-08-19,79,80.03,78.48,79.38,1938632
2025-08-20,78.89,80.78,77.55,80.19,2740111
2025-08-21,80.2,83.2,79.12,83.2,3199345
2025-08-22,82.69,83.9,82.38,83.4,3615392
2025-08-25,83.4,84.1,82.18,83.8,2347825
2025-08-26,83.5,83.66,82.66,83.25,2257434
2025-08-27,83.25,83.6,79.04,80.48,3722428
2025-08-28,80.48,81.36,77.92,78.18,2385184
2025-08-29,78.05,78.91,77.1,77.78,2094517
2025-09-01,77.78,78.83,76.92,77.82,2039521
2025-09-02,78,78.3,76.84,77.69,2138023
2025-09-03,78,80.3,77.92,79.62,3871472
2025-09-04,79.7,81.15,79.01,80.48,2890197
2025-09-05,80.49,82.05,80.02,81.08,2629582
2025-09-08,81.47,83.04,81.2,83.04,2253385
2025-09-09,83.04,83.19,81.64,82.44,1741921
2025-09-10,80.98,81.29,79.12,80.59,2458546
2025-09-11,80.59,82.6,80.44,82.6,3145741
2025-09-12,82.51,82.57,81.1,81.24,1441445
2025-09-15,81.3,82.76,81.13,82.75,1980243
2025-09-16,82.77,83.19,81.78,82.46,1931868
2025-09-17,82.72,82.94,81.56,82.22,1577457
2025-09-18,82.22,82.74,81.8,82.13,1371905
2025-09-19,82.49,82.72,80.71,81.52,3932167
2025-09-22,81.49,82.22,80.8,82.22,1159478
2025-09-23,82.3,84.97,82.26,84.97,3078293
2025-09-24,85.04,88.44,85.01,88.44,5158839
2025-09-25,88.33,88.78,86.96,88.75,2079316
2025-09-26,88.7,89.18,87.76,89.14,2705406
2025-09-29,89.15,89.49,87.5,88.28,1304772
2025-09-30,88.59,88.75,85.59,86.52,3125456
2025-10-01,86.7,87.86,86.05,87.85,1660967
2025-10-02,88.31,88.36,86.59,86.61,1491729
2025-10-03,87.09,87.8,85.45,86.15,1019969
2025-10-06,86,86.53,85.2,85.61,1162446
2025-10-07,86,87.45,85.76,87.23,1378233
2025-10-08,87.26,88.22,86.61,88.1,1968799
2025-10-09,88.1,89.5,87.91,88.88,1860879
2025-10-10,88.88,89.4,87.76,89,2012617
2025-10-13,87.5,88.95,87.27,88.63,1300188
2025-10-14,87.6,87.78,84.85,87.13,1776149
2025-10-15,87.2,90,87.2,89.34,3966564
2025-10-16,89.5,90,89.12,89.94,1381766
2025-10-17,89.1,89.4,87.6,88.85,1366066
2025-10-20,89,92.21,88.9,92.09,2753652
2025-10-21,92,92.79,91.62,91.82,1459367
2025-10-22,92,95.2,92,95,3115552
2025-10-23,95.5,97.7,95.35,97.3,3680401
2025-10-24,97.3,98.4,96.72,97.65,1839167
2025-10-27,98,99.6,97.88,97.9,2097703
2025-10-28,97.9,99.65,97.32,98.92,2196910
2025-10-29,99,99.85,98.42,99.82,1799881
2025-10-30,99.27,101.78,99.25,100.6,2347402
2025-10-31,100.6,101.44,99.53,100.06,2068056
2025-11-03,100.42,100.94,98.1,99.09,1582833
2025-11-04,98.3,98.49,96.61,97.72,1721250
2025-11-05,97.5,98.28,96.93,97.96,1329463
2025-11-06,97.96,99.7,97.66,98.6,1487622
2025-11-07,98.75,99.45,98.41,98.93,1232442
2025-11-10,99.41,101.98,99.4,101.8,1785380
2025-11-12,101.8,104.6,101.8,103.5,2963174
2025-11-13,103.5,105.28,103.48,103.76,1910978
2025-11-14,102.52,104,102.3,104,1178185
2025-11-17,104,104.98,102.74,102.76,1223560
2025-11-18,101.28,101.82,99.37,100.72,2140245
2025-11-19,100.5,102.54,100.5,101.88,1567109
2025-11-20,102,102.4,99.31,101.2,2402113
2025-11-21,99,99.27,97.28,98.6,2854397
2025-11-24,98.94,99.39,95.57,96.58,5190296
2025-11-25,96.71,97.14,94.58,95.19,2671469
2025-11-26,95.12,96.19,94.35,95.58,1749258
2025-11-27,95.4,95.43,92.8,93.31,1673561
2025-11-28,93.15,94.1,91.8,94.02,1840834
2025-12-01,94,95.59,93.8,94.39,1185354
2025-12-02,95.15,95.15,92.38,93,1786470
2025-12-03,93,93.3,90.86,91.57,1923059
2025-12-04,91.57,92.36,91.12,91.67,1495996
2025-12-05,91.8,92.06,90.64,91.66,1336461
2025-12-08,92,92.13,90.4,91.66,1357049
2025-12-09,91.4,92.48,90.9,92.48,2177805
2025-12-10,92.6,93.14,91.5,92.87,2575272
2025-12-11,92.87,94.75,92.26,94.38,1710227
2025-12-12,94.67,94.7,92.73,93.6,2004968
2025-12-15,93.73,95.1,93.5,94.82,2651188
2025-12-16,94.52,94.79,91.9,91.9,2497153
2025-12-17,92.1,93.03,91.5,92.33,2422771
2025-12-18,92.33,92.4,91.3,92.35,2000802
2025-12-19,92.5,93.73,92.01,93.16,4321072
2025-12-22,93.2,95.1,92.98,94.87,1177823
2025-12-23,95,95.11,93.41,93.89,881092
2025-12-29,93.89,95.62,93.32,95.62,746448
2025-12-30,95.64,96.58,95.22,96.11,1240593
2026-01-02,96.78,101.38,96.25,101.3,3073072
2026-01-05,100.32,101.58,99.6,99.75,2402948
2026-01-07,99.7,100.34,98.2,99.62,3395047
2026-01-08,99.92,99.97,92.58,92.58,3152589
2026-01-09,92.58,96.4,92.5,96.19,2012143
2026-01-12,96.44,98.87,95.8,98.85,1571116
2026-01-13,98.85,99.8,97.49,97.97,2977325
2026-01-14,98,99.52,97.22,98.36,2762325
2026-01-15,98.3,99.8,97.55,99.8,2878289
2026-01-16,99.72,100,98.74,99.63,1936443
2026-01-19,99.53,99.53,97.33,97.91,1825029
2026-01-20,97.7,98.1,96.09,97.54,1504473
2026-01-21,98.27,98.96,96.46,98.93,2208598
2026-01-22,99.4,104.98,99.27,104.98,5555995
2026-01-23,104.5,104.52,102.52,103.18,1946357
2026-01-26,103.9,104.5,102.3,102.74,1617624
2026-01-27,103,104.72,102.22,103.98,2523425
2026-01-28,104.9,105.1,103.52,104.96,1932410
2026-01-29,105.1,108.96,104.58,106.48,2931843
2026-01-30,105.8,108.7,105.26,107.96,2793690
2026-02-02,105.52,108.4,103.62,107.24,2849022
2026-02-03,108,108.22,104.68,106.1,4315862
2026-02-04,107.4,110.66,107.02,110.52,2453732
2026-02-05,108.9,109.76,106.38,107,2310538
2026-02-06,106.98,111,106.96,110.74,1569871
2026-02-09,110,111.4,109.3,110.06,1326771
2026-02-10,110,111,108.7,109.16,1276635
2026-02-11,109.5,112.18,108.2,111.9,1616104
2026-02-12,111.9,112.4,109.8,110.48,1061861
2026-02-13,110,110.06,107.24,108.36,1520067
2026-02-16,108,109.56,107.94,109.04,615560
2026-02-17,108.8,108.8,105.88,106.46,1323204
2026-02-18,106.94,108.42,106.68,108.2,966633
2026-02-19,110.94,111.82,109.52,111.5,2163390
2026-02-20,111.5,111.7,109.16,109.94,1226962
2026-02-23,111.04,113.34,109.58,113,1761398
2026-02-24,113,113.7,111.82,113.36,1383733
2026-02-25,113.8,115.1,113.22,115.1,1222811
2026-02-26,115,115.88,113.56,115.24,1615345
2026-02-27,115.44,115.88,113.18,114.66,2884232
2026-03-02,116.56,122.64,116,120.5,4321090
2026-03-03,121,121.5,113.8,114.72,3451224
2026-03-04,114.06,117.9,113.9,117.8,2376462
2026-03-05,118.5,120.5,117.5,119.7,1779859
2026-03-06,119.7,120.26,116.5,119,1563767
2026-03-09,118.4,120.38,116.66,118.88,2655766
2026-03-10,118,122.08,117.22,122.08,2678666
2026-03-11,122.04,129.5,122,128.9,3623916
2026-03-12,128.9,130.9,127.2,130.5,3910110
2026-03-13,128.82,130,127.22,128.4,1818623
2026-03-16,128.4,130.2,128.08,129.58,2275982
2026-03-17,129.58,136.38,129.56,136.04,3317921
2026-03-18,136.04,136.26,130.16,133.14,3094953
2026-03-19,133,134.48,132.36,133.2,3342781
2026-03-20,133.2,134.2,131.5,133.8,9353128
2026-03-23,132.48,132.5,124.84,127.56,4065086
2026-03-24,127,130.76,127,129.94,3394047
2026-03-25,127,133.64,126.56,133.64,2583814
2026-03-26,132.9,133.92,124.66,130.68,3868783
2026-03-27,128.52,131.34,127.88,129.86,2079604
2026-03-30,130.46,133.98,130.02,132.56,2147089
2026-03-31,132.46,134.34,131.16,134.34,2869791
2026-04-01,133,133.96,129.38,130.54,2641307
2026-04-02,132,133.94,129.86,133.94,2412548
2026-04-07,133.9,136.88,133.22,135,2702312
2026-04-08,125,131.16,121,131.16,3718714
2026-04-09,133,136,132.82,136,2400776
2026-04-10,135.26,135.26,128.5,128.58,2385700
2026-04-13,132.66,134,129.32,131.4,2289944
2026-04-14,131.4,132.5,126.8,127.8,2253259
2026-04-15,127.8,129.7,127.5,129.62,1666756
2026-04-16,129.6,129.96,127.5,129.64,1902430
2026-04-17,129.5,129.94,123,124.02,2311600
2026-04-20,125.98,127.78,125.58,127.48,1879743
2026-04-21,127.4,127.48,126,126.94,1110586
2026-04-22,126.94,129.62,126.5,127.98,1246827
2026-04-23,128.2,129.78,127.76,128.54,1589406
2026-04-24,128.8,129.54,127.54,129.08,963216
2026-04-27,129.08,129.3,126.92,127.1,946895
2026-04-28,127.32,129.4,126.98,128.32,1380890
2026-04-29,128.5,133.08,128.42,130.92,2633451
2026-04-30,132.16,135,131.84,132.92,2348693
2026-05-04,133.6,138,133.5,138,2309175
2026-05-05,138,144.66,137.22,144.26,2725340
2026-05-06,145,145,136.58,141,2871298
2026-05-07,141,141.7,138.1,140,1607314
2026-05-08,140.2,141.78,138.66,140.3,737872
2026-05-11,141,145.18,140.72,143.86,1479831
2026-05-12,144,146.98,142.92,143.38,1730291
2026-05-13,144,145.4,143.14,144.68,1137015
2026-05-14,144.9,145.74,144,144.36,885736
2026-05-15,144.7,144.96,140,140.08,1093552
2026-05-18,141,145.12,140.6,145.12,1229884
2026-05-19,145.12,146.3,143.12,143.34,1328025
2026-05-20,143.34,146.46,143.2,145.48,1628911
2026-05-21,145.4,145.4,142.32,142.32,838574
2026-05-22,142.24,144.5,141.16,143.34,1030757
2026-05-25,142.1,143.88,141.36,143.24,801855
2026-05-26,144,145,141.5,141.5,1196926
2026-05-27,142.8,143.5,137.3,138.68,1642226
2026-05-28,140.84,142.78,140,141.24,1123138
2026-05-29,141.98,143.16,140.26,141.76,2895695
2026-06-01,143,145.5,142.5,144.5,1278844
2026-06-02,144.54,145.28,142.66,143.62,1166701
2026-06-03,143.62,146.14,143.5,145.88,1024878
2026-06-05,145.8,145.8,142.44,143,1169336
2026-06-08,145,146.5,142.52,144.72,1505984
2026-06-09,145,146.6,143.84,144.5,1209200
2026-06-10,145.44,146.2,143,144.1,2411002
2026-06-11,145,148.68,144.88,148.68,1285516
2026-06-12,148.34,148.48,143.8,146.84,2197406
